audit_type,area,program,q_id,seq,qtype,question_text,default_answer,autonomy,look_for,notes
NPO,CASH,AUD-801,CASH_TQ_TAILORING_AnalyticalProcedures,1,tailoring,"Do you intend to use analytical procedures, either alone or in combination with tests of details, as a substantive procedure?",,,,
NPO,CASH,AUD-801,CASH_TQ_TAILORING_CutoffRequested,2,tailoring,Do we plan on requesting cutoff bank statements?,,,,
NPO,CASH,AUD-801,CASH_TQ_TAILORING_InterestBearing,3,tailoring,Does the entity have interest bearing cash accounts?,,,,
NPO,CASH,AUD-801,CASH_TQ_TAILORING_MultipleBanks,4,tailoring,Does the entity have cash accounts at more than one financial institution?,,,,
NPO,CASH,AUD-801,CASH_TQ_TAILORING_CutoffReceived,5,tailoring,Did we receive cutoff bank statements?,,,,
NPO,CASH,AUD-801,CASH_TQ_TAILORING_PettyCashMaterial,6,tailoring,Are petty cash balances or cumulative related petty cash transactions during the audit period material?,,,,
NPO,INVEST,AUD-802,INVEST_TQ_TAILORING_Securities,1,tailoring,Does the entity have investments in debt and equity securities and mutual funds?,,,,
NPO,INVEST,AUD-802,INVEST_TQ_TAILORING_SecuritiesonHand,2,tailoring,Does the entity have investment instruments on hand?,,,,
NPO,INVEST,AUD-802,INVEST_TQ_TAILORING_IndependentThird,3,tailoring,Does the entity have investment instruments held by independent third parties?,,,,
NPO,INVEST,AUD-802,INVEST_TQ_TAILORING_PreferredShares,4,tailoring,Does the entity have investments in preferred shares or debt securities?,,,,
NPO,INVEST,AUD-802,INVEST_TQ_TAILORING_Digital,5,tailoring,Does the entity have investments in digital/crypto assets?,,,,
NPO,INVEST,AUD-802,INVEST_TQ_TAILORING_DigitalCrypto,6,tailoring,Does the entity have digital/crypto assets classified as “held to maturity”?,,,,
NPO,INVEST,AUD-802,INVEST_TQ_TAILORING_CryptoAssets,7,tailoring,Does the entity have digital/crypto assets classified as “held for self-custody ”?,,,,
NPO,INVEST,AUD-802,INVEST_TQ_TAILORING_SalesFinancial,8,tailoring,Did the entity have any transfers or sales of financial instruments during the audit period?,,,,
NPO,INVEST,AUD-802,INVEST_TQ_TAILORING_Corporations,9,tailoring,"Does the entity have investments in closely held corporations and partnerships, and investment on the equity method?",,,,
NPO,INVEST,AUD-802,INVEST_TQ_TAILORING_FinancialStatements,10,tailoring,Does the carrying amount of the security reflect factors that are not recognized in the investee's financial statements or fair values of assets that are materially different from ,,,,
NPO,INVEST,AUD-802,INVEST_TQ_TAILORING_DateOfEntity,11,tailoring,Is there a time lag between the date of the entity's financial statements and those of the investee (no more than three months)?,,,,
NPO,INVEST,AUD-802,INVEST_TQ_TAILORING_Transactions,12,tailoring,Are there subsequent events and transactions of the investee occurring after the date of the investee's financial statements but before the date of the investor auditor's report?,,,,
NPO,INVEST,AUD-802,INVEST_TQ_TAILORING_JointVentures,13,tailoring,Does the entity have any interests in joint ventures?,,,,
NPO,INVEST,AUD-802,INVEST_TQ_TAILORING_CeasedControl,14,tailoring,Has the entity ceased to have joint control over an entity?,,,,
NPO,INVEST,AUD-802,INVEST_TQ_TAILORING_Operator,15,tailoring,Has the entity been identified as the operator or manager of the joint venture?,,,,
NPO,INVEST,AUD-802,INVEST_TQ_TAILORING_Subsidiary,16,tailoring,Has the joint venture become a subsidiary or closely held corporation or partnership of the entity?,,,,
NPO,INVEST,AUD-802,INVEST_TQ_TAILORING_Contribute,17,tailoring,Did the entity contribute or sell assets to the joint venture?,,,,
NPO,INVEST,AUD-802,INVEST_TQ_TAILORING_Purchase,18,tailoring,Did the entity purchase assets from the joint venture?,,,,
NPO,INVEST,AUD-802,INVEST_TQ_TAILORING_Auditor Apply,19,tailoring,Have we applied or requested that the investor arrange with the joint venture to have another auditor apply appropriate auditing procedures?,,,,
NPO,INVEST,AUD-802,INVEST_TQ_TAILORING_ProportionateConsolidation,20,tailoring,Does the entity account for the joint venture using the proportionate consolidation method?,,,,
NPO,INVEST,AUD-802,INVEST_TQ_TAILORING_EquityMethod,21,tailoring,Does the entity account for the joint venture using the equity method?,,,,
NPO,INVEST,AUD-802,INVEST_TQ_TAILORING_FairValueAssets,22,tailoring,Does the carrying amount of the security reflect factors that are not recognized in the joint venture's financial statements or fair values of assets that are materially different ,,,,
NPO,INVEST,AUD-802,INVEST_TQ_TAILORING_LagBetween,23,tailoring,Is there a time lag between the date of the entity's financial statements and those of the joint venture (no more than three months)?,,,,
NPO,INVEST,AUD-802,INVEST_TQ_TAILORING_BeforeTheDate,24,tailoring,Are there subsequent events and transactions of the joint venture occurring after the date of the investee's financial statements but before the date of the joint venture auditor's,,,,
NPO,INVEST,AUD-802,INVEST_TQ_TAILORING_DerHedge,25,tailoring,Does the entity have any derivative instruments or hedging activities?,,,,
NPO,INVEST,AUD-802,INVEST_TQ_TAILORING_InvestmentPool,26,tailoring,Does the entity operate an investment pool on behalf of itself and other entities?,,,,
NPO,INVEST,AUD-802,INVEST_TQ_TAILORING_PoolManagement,27,tailoring,Is the entity an investor in a pool managed by a third party?,,,,
NPO,INVEST,AUD-802,INVEST_TQ_TAILORING_RestrictedInvestments,28,tailoring,Are there restrictions on investments?,,,,
NPO,INVEST,AUD-802,INVEST_TQ_TAILORING_RestrictedNATransfers,29,tailoring,Has there been any reclassification of Restricted Net Assets?,,,,
NPO,INVEST,AUD-802,INVEST_TQ_TAILORING_AssetBacked,30,tailoring,Does the entity have any investments in asset-backed securities?,,,,
NPO,INVEST,AUD-802,INVEST_TQ_TAILORING_Endowment,31,tailoring,Does the entity have donor-restricted endowments?,,,,
NPO,INVEST,AUD-802,INVEST_TQ_TAILORING_OtherInvestments,32,tailoring,Does the entity have “Other Investments”?,,,,
NPO,INVEST,AUD-802,INVEST_TQ_TAILORING_Programmatic,33,tailoring,"Does the entity engage in programmatic investments (in the form of loans, equity interests, or guarantees)?",,,,
NPO,INVEST,AUD-802,INVEST_TQ_TAILORING_Loans,34,tailoring,Does the entity have programmatic investments in the form of loans?,,,,
NPO,INVEST,AUD-802,INVEST_TQ_TAILORING_EquityInterests,35,tailoring,Does the entity have programmatic investments in the form of equity interests?,,,,
NPO,INVEST,AUD-802,INVEST_TQ_TAILORING_FairValueRules,36,tailoring,Are there investments in securities or derivative instruments that are valued based on Fair Value rules?,,,,
NPO,INVEST,AUD-802,INVEST_TQ_TAILORING_Components,37,tailoring,Does the entity have investments that are determined to be components of a group?,,,,
NPO,INVEST,AUD-802,INVEST_TQ_TAILORING_SAS149,38,tailoring,Has SAS-149 been early implemented ?,,,,
NPO,INVEST,AUD-802,INVEST_TQ_TAILORING_Analytical,39,tailoring,"Do you intend to use analytical procedures, either alone or in combination with tests of details, as a substantive procedure?",,,,
NPO,AR,AUD-803,AR_TQ_AnalyticalProcedures,1,tailoring,"Do you intend to use analytical procedures, either alone or in combination with tests of details, as a substantive procedure?",,,,
NPO,AR,AUD-803,AR_TQ_FinancialStatements,2,tailoring,Do the financial statements include any accounts receivable?,,,,
NPO,AR,AUD-803,AR_TQ_ConfirmToBeSent,3,tailoring,Do we plan on confirming receivables?,,,,
NPO,AR,AUD-803,AR_TQ_ConfirmNotOnPeriodEnd,4,tailoring,Do we plan on confirming receivables on a date other than the financial statement date?,,,,
NPO,AR,AUD-803,AR_TQ_SignificantSales,5,tailoring,Does the entity have significant sales transactions executed with related parties?,,,,
NPO,AR,AUD-803,AR_TQ_NotesReceivables,6,tailoring,Are notes receivable balances material to the overall financial statements or have specific risks been identified in notes receivable?,,,,
NPO,AR,AUD-803,AR_TQ_Fraud,7,tailoring,Was improper revenue recognition identified as a risk of material misstatement due to fraud?,,,,
NPO,AR,AUD-803,AR_TQ_PledgedReceivables,8,tailoring,"Are there any accounts or notes receivable balances that have been pledged, assigned, or discounted?",,,,
NPO,AR,AUD-803,AR_TQ_RelatedOrEmployees,9,tailoring,Does the entity have receivables from related parties or employees?,,,,
NPO,AR,AUD-803,AR_TQ_GreaterThanOneYear,10,tailoring,Does the entity have receivables with due dates greater than one year from the financial statement date?,,,,
NPO,AR,AUD-803,AR_TQ_NFPTransferred,11,tailoring,Were any receivables transferred during the audit period?,,,,
NPO,AR,AUD-803,AR_TQ_Transferred,12,tailoring,Were any receivables or future revenues sold or pledged during the audit period?,,,,
NPO,SPLITINTX,AUD-804,SPLITINTX_TQ_TAILORING_Analytical,1,tailoring,"Do you intend to use analytical procedures, either alone or in combination with tests of details, as a substantive procedure?",,,,
NPO,SPLITINTX,AUD-804,SPLITINTX_TQ_TAILORING_CurrentYear,2,tailoring,Were any split-interest agreement initially recognized in the current year?,,,,
NPO,SPLITINTX,AUD-804,SPLITINTX_TQ_TAILORING_PriorYears,3,tailoring,Were there any trust agreements initially recognized in prior years or related trust distributions in the current year?,,,,
NPO,SPLITINTX,AUD-804,SPLITINTX_TQ_TAILORING_Trustee,4,tailoring,Is the entity a trustee or fiscal agent?,,,,
NPO,SPLITINTX,AUD-804,SPLITINTX_TQ_TAILORING_RealEstate,5,tailoring,Does the entity have life interest in real estate?,,,,
NPO,SPLITINTX,AUD-804,SPLITINTX_TQ_TAILORING_Revokable,6,tailoring,Are there any revocable agreements?,,,,
NPO,SPLITINTX,AUD-804,SPLITINTX_TQ_TAILORING_PooledIncome,7,tailoring,Does the entity have any pooled income funds and net income unitrusts?,,,,
NPO,REVANDRECEIVABLESX,AUD-805,REVANDRECEIVABLESX_TQ_TAILORING_Analytical,1,tailoring,"Do you intend to use analytical procedures, either alone or in combination with tests of details, as a substantive procedure?",,,,
NPO,REVANDRECEIVABLESX,AUD-805,REVANDRECEIVABLESX_TQ_NotProgramService,2,tailoring,Does the organization receive contributions and support from donors or grantors that are not program service fee revenues?,,,,
NPO,REVANDRECEIVABLESX,AUD-805,REVANDRECEIVABLESX_TQ_Budget,3,tailoring,Does the entity have a budget?,,,,
NPO,REVANDRECEIVABLESX,AUD-805,REVANDRECEIVABLESX_TQ_ServicesFacilitiesUtilities,4,tailoring,"Did the entity receive contributed services, facilities, or utilities?",,,,
NPO,REVANDRECEIVABLESX,AUD-805,REVANDRECEIVABLESX_TQ_TAILORING_GIK,5,tailoring,Did the entity receive gifts in kind?,,,,
NPO,REVANDRECEIVABLESX,AUD-805,REVANDRECEIVABLESX_TQ_FundRaising,6,tailoring,"Did the entity hold any special fund-raising events (such as awards dinners, special performances, including the sale of souvenirs or tokens commemorating the event) during the per",,,,
NPO,REVANDRECEIVABLESX,AUD-805,REVANDRECEIVABLESX_TQ_FutureInterests,7,tailoring,"Has the entity received any donations that include future interests, such as life income or annuity gifts?",,,,
NPO,REVANDRECEIVABLESX,AUD-805,REVANDRECEIVABLESX_TQ_Materials,8,tailoring,Did the entity receive any support in the form of donated materials?,,,,
NPO,REVANDRECEIVABLESX,AUD-805,REVANDRECEIVABLESX_TQ_Services,9,tailoring,Did the entity receive any support in the form of donated services?,,,,
NPO,REVANDRECEIVABLESX,AUD-805,REVANDRECEIVABLESX_TQ_SendConfirmations,10,tailoring,Does the auditor intend to send confirmation requests for significant contributions receivable for contributions or pledges?,,,,
NPO,REVANDRECEIVABLESX,AUD-805,REVANDRECEIVABLESX_TQ_ConditionalPromisestoGive,11,tailoring,Did the entity receive any conditional promises to give?,,,,
NPO,REVANDRECEIVABLESX,AUD-805,REVANDRECEIVABLESX_TQ_ProgramServiceFeeRevenue,12,tailoring,Does the organization receive program service fee revenues?,,,,
NPO,REVANDRECEIVABLESX,AUD-805,REVANDRECEIVABLESX_TQ_ThirdParty,13,tailoring,Does the entity have program service revenues that are the result of third-party reimbursements?,,,,
NPO,REVANDRECEIVABLESX,AUD-805,REVANDRECEIVABLESX_TQ_AgencyTransactions,14,tailoring,Did the entity have any agency transactions?,,,,
NPO,REVANDRECEIVABLESX,AUD-805,REVANDRECEIVABLESX_TQ_ImproperRecognition,15,tailoring,Was improper revenue recognition identified as a risk of material misstatement due to fraud?,,,,
NPO,INVENTORY,AUD-806,INVENTORY_TQ_TAILORING_Observation,1,tailoring,Do we intend to perform an inventory observation?,,,,
NPO,INVENTORY,AUD-806,INVENTORY_TQ_TAILORING_InventorDiffDate,2,tailoring,Was the inventory observation completed on a date other than the financial statement date?,,,,
NPO,INVENTORY,AUD-806,INVENTORY_TQ_TAILORING_Perpetual,3,tailoring,Does the entity maintain a perpetual inventory record?,,,,
NPO,INVENTORY,AUD-806,INVENTORY_TQ_TAILORING_Analytical,4,tailoring,"Do you intend to use analytical procedures, either alone or in combination with tests of details, as a substantive procedure?",,,,
NPO,INVENTORY,AUD-806,INVENTORY_TQ_TAILORING_FIFO,5,tailoring,Does the entity use FIFO as a valuation method?,,,,
NPO,INVENTORY,AUD-806,INVENTORY_TQ_TAILORING_Manufact,6,tailoring,Does the entity manufacture finished goods?,,,,
NPO,INVENTORY,AUD-806,INVENTORY_TQ_TAILORING_CountInterm,7,tailoring,Does the entity perform the physical inventory count at an interim date?,,,,
NPO,INVENTORY,AUD-806,INVENTORY_TQ_TAILORING_OutsideInv,8,tailoring,Does entity have inventory at public warehouses or other outside locations?,,,,
NPO,INVENTORY,AUD-806,INVENTORY_TQ_TAILORING_InventPledge,9,tailoring,Did the client pledge any inventory during the current reporting period?,,,,
NPO,PP,AUD-807,PP_TQ_TAILORING_CollectionAssets,1,tailoring,"Does the entity maintain collections of works of art, historical treasure or similar assets?",,,,
NPO,PP,AUD-807,PP_TQ_TAILORING_Collections,2,tailoring,Does the entity have any capitalized collection items?,,,,
NPO,PP,AUD-807,PP_TQ_TAILORING_RetroCap,3,tailoring,Has the entity used retrospective capitalization for collection items?,,,,
NPO,PP,AUD-807,PP_TQ_TAILORING_NoncapitalizedCollection,4,tailoring,Does the entity have noncapitalized collections?,,,,
NPO,PP,AUD-807,PP_TQ_TAILORING_PPBalMaterial,5,tailoring,"Are account balances for prepaid expenses, deferred charges, or other assets material to the overall financial statements?",,,,
NPO,PP,AUD-807,PP_TQ_TAILORING_PPBalSpecRisk,6,tailoring,"Have specific risks been identified associated with account balances for prepaid expenses, deferred charges, or other assets?",,,,
NPO,PP,AUD-807,PP_TQ_TAILORING_InsuranceBalMaterial,7,tailoring,Is the prepaid insurance balance material to the overall financial statements?,,,,
NPO,PP,AUD-807,PP_TQ_TAILORING_PPDInsSpecRisk,8,tailoring,Have specific risks been identified associated with account balances for prepaid insurance?,,,,
NPO,PP,AUD-807,PP_TQ_TAILORING_PPDPropBalMaterial,9,tailoring,Is the prepaid property tax balance material to the overall financial statements?,,,,
NPO,PP,AUD-807,PP_TQ_TAILORING_PPDPropTaxSpecRisk,10,tailoring,Have specific risks been identified associated with account balances for prepaid property tax?,,,,
NPO,PP,AUD-807,PP_TQ_TAILORING_CSVInsMaterial,11,tailoring,Is the cash surrender value balance of life insurance balance material to the overall financial statements?,,,,
NPO,PP,AUD-807,PP_TQ_TAILORING_CSVInsSpecRisk,12,tailoring,Have specific risks been identified associated with account balances for cash surrender value balance of life insurance?,,,,
NPO,PP,AUD-807,PP_TQ_TAILORING_OthPPBalMaterial,13,tailoring,"Are the other prepaid expenses, deferred charges, or other assets balance material to the overall financial statements?",,,,
NPO,PP,AUD-807,PP_TQ_TAILORING_OthPPBalSpecRisk,14,tailoring,"Have specific risks been identified associated with account balances for other prepaid expenses, deferred charges, or other assets?",,,,
NPO,PP,AUD-807,PP_TQ_TAILORING_DirectAd,15,tailoring,Does the entity have significant deferred advertising costs?,,,,
NPO,PP,AUD-807,PP_TQ_TAILORING_MaterialDeposits,16,tailoring,Does the entity have material deposits or other similar assets?,,,,
NPO,PP,AUD-807,PP_TQ_TAILORING_AnalyticalProcedures,17,tailoring,"Do you intend to use analytical procedures, either alone or in combination with tests of details, as a substantive procedure?",,,,
NPO,INTANG,AUD-808,INTANG_TQ_TAILORING_OtherIntAssetAmort,1,tailoring,Does the entity have intangible assets (other than goodwill) that are subject to amortization?,,,,
NPO,INTANG,AUD-808,INTANG_TQ_TAILORING_LTIntangOtherDisposed,2,tailoring,Did the entity dispose of any intangibles (other than goodwill) subject to amortization during the audit period?,,,,
NPO,INTANG,AUD-808,INTANG_TQ_TAILORING_AmortGoodwill,3,tailoring,Has the entity elected to amortize goodwill?,,,,
NPO,INTANG,AUD-808,INTANG_TQ_TAILORING_AmortGoodwillLessTen,4,tailoring,Has the entity elected to amortize goodwill over a period of less than 10 years?,,,,
NPO,INTANG,AUD-808,INTANG_TQ_TAILORING_GoodIntNot,5,tailoring,Does the entity have any goodwill or intangibles that were not tested in connection with the original business combination or other initial transaction?,,,,
NPO,INTANG,AUD-808,INTANG_TQ_TAILORING_Goodwill,6,tailoring,Does the entity have any goodwill or intangible assets not subject to amortization?,,,,
NPO,INTANG,AUD-808,INTANG_TQ_TAILORING_IntNotAmor,7,tailoring,Does the entity have any intangible assets not subject to amortization?,,,,
NPO,INTANG,AUD-808,INTANG_TQ_TAILORING_RecognizedGoodwill,8,tailoring,Has the entity recognized goodwill in the statement of financial position from a new acquisition during the period under audit?,,,,
NPO,INTANG,AUD-808,INTANG_TQ_TAILORING_Acquisition,9,tailoring,"Did the entity have an acquisition where the operations of the acquiree as part of the combined entity are predominantly supported by contributions and returns on investments, or w",,,,
NPO,INTANG,AUD-808,INTANG_TQ_TAILORING_Digital,10,tailoring,Does the entity have investments in digital/crypto assets?,,,,
NPO,INTANG,AUD-808,INTANG_TQ_TAILORING_DigitalCrypto,11,tailoring,Does the entity have digital/crypto assets held by a third party?,,,,
NPO,INTANG,AUD-808,INTANG_TQ_AnalyticalProcedures,12,tailoring,"Do you intend to use analytical procedures, either alone or in combination with tests of details, as a substantive procedure?",,,,
NPO,PPE,AUD-809,PPE_TQ_TAILORING_PPEBalMaterial,1,tailoring,"Is the property, plant and equipment balance material to the overall financial statements?",,,,
NPO,PPE,AUD-809,PPE_TQ_TAILORING_PPESpecRisks,2,tailoring,"Have specific risks been identified associated with account balances for property, plant and equipment?",,,,
NPO,PPE,AUD-809,PPE_TQ_TAILORING_Donations,3,tailoring,Did the entity receive any donations of property or equipment?,,,,
NPO,PPE,AUD-809,PPE_TQ_TAILORING_OwnedByOthers,4,tailoring,Does the entity use property and equipment owned by others?,,,,
NPO,PPE,AUD-809,PPE_TQ_TAILORING_SellorAbandon,5,tailoring,Does the entity plan to sell or abandon property or is there property impaired?,,,,
NPO,PPE,AUD-809,PPE_TQ_TAILORING_ReclassRestrict,6,tailoring,Were there any reclassifications of net assets with donor restrictions?,,,,
NPO,PPE,AUD-809,PPE_TQ_TAILORING_Depreciation,7,tailoring,Is the depreciation expense material to the overall financial statements?,,,,
NPO,PPE,AUD-809,PPE_TQ_TAILORING_DepreciationSpecRisks,8,tailoring,Have specific risks been identified associated with account balances for depreciations expense?,,,,
NPO,PPE,AUD-809,PPE_TQ_TAILORING_RepMaintBalMaterial,9,tailoring,Is the repairs and maintenance balance material to the overall financial statements?,,,,
NPO,PPE,AUD-809,PPE_TQ_TAILORING_RepMaintSpecRisks,10,tailoring,Have specific risks been identified associated with account balances for repairs and maintenance?,,,,
NPO,PPE,AUD-809,PPE_TQ_TAILORING_Leases,11,tailoring,Does the entity have any leases?,,,,
NPO,PPE,AUD-809,PPE_TQ_TAILORING_LongLivedAssets,12,tailoring,Does the entity have any long lived fixed assets that are classified as held for sale?,,,,
NPO,PPE,AUD-809,PPE_TQ_TAILORING_LLARetire,13,tailoring,Does the entity have any obligations related to the retirement of long-lived assets?,,,,
NPO,PPE,AUD-809,PPE_TQ_TAILORING_AnalyticalProcedures,14,tailoring,"Do you intend to use analytical procedures, either alone or in combination with tests of details, as a substantive procedure?",,,,
NPO,AP,AUD-810,AP_TQ_TAILORING_AnalyticalProcedures,1,tailoring,"Do you intend to use analytical procedures, either alone or in combination with tests of details, as a substantive procedure?",,,,
NPO,AP,AUD-810,AP_TQ_TAILORING_ConfirmAP,2,tailoring,Do we plan on confirming accounts payable?,,,,
NPO,AP,AUD-810,AP_TQ_TAILORING_SpecificTerms,3,tailoring,Does the client have any amounts included in trade accounts payable that have specified payment terms?,,,,
NPO,AP,AUD-810,AP_TQ_TAILORING_PledgedAP,4,tailoring,Does the client have any assets pledged as collateral for accounts payable?,,,,
NPO,AP,AUD-810,AP_TQ_TAILORING_Liabilities,5,tailoring,Does the entity have any liabilities related to deposits held for customers?,,,,
NPO,AP,AUD-810,AP_TQ_TAILORING_AccruedLiab,6,tailoring,Are other accrued liabilities balances or transactions material to the overall financial statements?,,,,
NPO,AP,AUD-810,AP_TQ_TAILORING_RiskAccrued,7,tailoring,Have specific risks been identified associated with account balances for other accrued liabilities?,,,,
NPO,AP,AUD-810,AP_TQ_TAILORING_defIncome,8,tailoring,Does the entity have any deferred income or other deferred credits that were material to the overall financial statements under audit?,,,,
NPO,OL,AUD-811,OL_TQ_TAILORING_PayrollBalMaterial,1,tailoring,Are the payroll and other liabilities balances material to the overall financial statements?,,,,
NPO,OL,AUD-811,OL_TQ_TAILORING_PayrollSpecRisks,2,tailoring,Have specific risks been identified associated with account balances for payroll and other liabilities?,,,,
NPO,OL,AUD-811,OL_TQ_TAILORING_PayrollTaxMaterial,3,tailoring,Are accrued payroll and payroll taxes material to the overall financial statements?,,,,
NPO,OL,AUD-811,OL_TQ_TAILORING_PayrollTaxSpecRisks,4,tailoring,Have specific risks been identified associated with account balances for accrued payroll and payroll taxes?,,,,
NPO,OL,AUD-811,OL_TQ_TAILORING_CompAbsenceMaterial,5,tailoring,Are the accruals for compensated absences material to the overall financial statements?,,,,
NPO,OL,AUD-811,OL_TQ_TAILORING_CompAbsenceSpecRisks,6,tailoring,Have specific risks been identified associated with account balances of accruals for compensated absences?,,,,
NPO,OL,AUD-811,OL_TQ_TAILORING_CompAbsenceShortTerm,7,tailoring,Does the entity offer short term compensated absences benefits to its employees?,,,,
NPO,OL,AUD-811,OL_TQ_TAILORING_EBPAccrualsBalMaterial,8,tailoring,Are the accruals for employee benefit plans balances material to the overall financial statements?,,,,
NPO,OL,AUD-811,OL_TQ_TAILORING_EBPAccrualsSpecRisks,9,tailoring,Have specific risks been identified associated with the account balances for accruals for employee benefit plans?,,,,
NPO,OL,AUD-811,OL_TQ_TAILORING_LongTermEB,10,tailoring,"Does the entity provide other long-term employee benefits (e.g., long-term compensated absences, sabbatical leave, long-term disability benefits, deferred compensation, etc.)?",,,,
NPO,OL,AUD-811,OL_TQ_TAILORING_DefCompBalMaterial,11,tailoring,Do deferred compensation agreements exist and are balances material to the overall financial statements?,,,,
NPO,OL,AUD-811,OL_TQ_TAILORING_DefCompSpecRisks,12,tailoring,Have specific risks been identified associated with account balances of accruals for deferred compensation?,,,,
NPO,OL,AUD-811,OL_TQ_TAILORING_PostEmpBen,13,tailoring,"Are postemployment benefits (e.g., salary continuation, severance benefits, disability and health care benefits, and job training and counseling) provided by the entity and are acc",,,,
NPO,OL,AUD-811,OL_TQ_TAILORING_RisksPostEmp,14,tailoring,Have specific risks been identified associated with account balances of accruals for postemployment benefits?,,,,
NPO,OL,AUD-811,OL_TQ_TAILORING_AnalyticalProcedures,15,tailoring,"Do you intend to use analytical procedures, either alone or in combination with tests of details, as a substantive procedure?",,,,
NPO,INCTAX,AUD-812,INCTAX_TQ_TAILORING_DeferredTax,1,tailoring,Does the entity have any deferred tax provisions and related deferred tax assets or liabilities?,,,,
NPO,INCTAX,AUD-812,INCTAX_TQ_TAILORING_AppropDocumentation,2,tailoring,Was the entity's documentation not appropriate or did the entity restrict the auditor's access to documentation of the calculation or contents of the entity's income tax accruals o,,,,
NPO,INCTAX,AUD-812,INCTAX_TQ_TAILORING_AdditionalDisclosure,3,tailoring,Does the entity have any uncertain tax position for which additional disclosure or possible adjustment to the financial statements may be required?,,,,
NPO,INCTAX,AUD-812,INCTAX_TQ_TAILORING_AnalyticalProcedures,4,tailoring,"Do you intend to use analytical procedures, either alone or in combination with tests of details, as a substantive procedure?",,,,
NPO,DEBT,AUD-813,DEBT_TQ_TAILORING_AnalyticalProcedures,1,tailoring,"Do you intend to use analytical procedures, either alone or in combination with tests of details, as a substantive procedure?",,,,
NPO,DEBT,AUD-813,DEBT_TQ_TAILORING_MaturityDates,2,tailoring,Does the entity have any debt with maturity dates due within the next year?,,,,
NPO,DEBT,AUD-813,DEBT_TQ_TAILORING_Covenants,3,tailoring,Does the entity have any debt obligations that contain restrictive covenants?,,,,
NPO,DEBT,AUD-813,DEBT_TQ_TAILORING_Violations,4,tailoring,Did the auditor or management identify any covenant violations?,,,,
NPO,DEBT,AUD-813,DEBT_TQ_TAILORING_DebtExtinquished,5,tailoring,Has the entity extinguished any debt instruments during the period under audit?,,,,
NPO,DEBT,AUD-813,DEBT_TQ_TAILORING_TaxExemptFinancing,6,tailoring,Does the entity finance any part of its activities from the proceeds of tax-exempt bonds or other obligations issued through state or local financing authorities?,,,,
NPO,DEBT,AUD-813,DEBT_TQ_TAILORING_Contributions,7,tailoring,Did the entity make any contributions?,,,,
NPO,DEBT,AUD-813,DEBT_TQ_TAILORING_PromiseToGive,8,tailoring,Does the entity have any unconditional promises to give (contributions payable)?,,,,
NPO,EQUITY,AUD-814,EQUITY_TQ_TAILORING_DonorRestrictions,1,tailoring,Does the entity have any net assets with donor restrictions?,,,,
NPO,EQUITY,AUD-814,EQUITY_TQ_TAILORING_AnalyticalProcedures,2,tailoring,"Do you intend to use analytical procedures, either alone or in combination with tests of details, as a substantive procedure?",,,,
NPO,OTHREV,AUD-815,OTHREV_TQ_TAILORING_AnalyticalProcedures,1,tailoring,"Do you intend to use analytical procedures, either alone or in combination with tests of details, as a substantive procedure?",,,,
NPO,OTHREV,AUD-815,OTHREV_TQ_TAILORING_ContributeFacilities,2,tailoring,Did the entity contribute the use of its facilities to another NFP?,,,,
NPO,OTHREV,AUD-815,OTHREV_TQ_TAILORING_ExpensesMaterial,3,tailoring,Are there expense accounts balances material to the overall financial statements?,,,,
NPO,OTHREV,AUD-815,OTHREV_TQ_TAILORING_ExpensesSpecRisk,4,tailoring,Have specific risks been identified associated with account balances for expenses?,,,,
NPO,OTHREV,AUD-815,OTHREV_TQ_TAILORING_FederalFundraising,5,tailoring,Is the entity a federated fund-raising entity?,,,,
NPO,RPTRNS2,AUD-817,RPTRNS2_TQ_RelatedPartyTrans,1,tailoring,Are there any related party transactions identified?,,,,
NPO,RPTRNS2,AUD-817,RPTRNS2_TQ_UnusualTrans,2,tailoring,Have we identified significant unusual transactions while performing applicable audit procedures?,,,,
NPO,RPTRNS2,AUD-817,RPTRNS2_TQ_RelatedPartyFS,3,tailoring,Have we identified related-party transactions that are required to be disclosed in the financial statements or are determined to be a significant risk?,,,,
NPO,RPTRNS2,AUD-817,RPTRNS2_TQ_AnalyticalProcedures,4,tailoring,"Do you intend to use analytical procedures, either alone or in combination with tests of details, as a substantive procedure?",,,,
NPO,FAIRVALUE2,AUD-818,FairValue2_TQ_ThirdParty,1,tailoring,Did the entity retain the service of a third-party pricing agency?,,,,
NPO,FAIRVALUE2,AUD-818,FairValue2_TQ_SpecialistEstFV,2,tailoring,Was a specialist engaged to estimate fair value?,,,,
NPO,FAIRVALUE2,AUD-818,FairValue2_TQ_ImpendingTrans,3,tailoring,Does the entity plan to use an impending transaction as the basis for a fair value estimate?,,,,
NPO,FAIRVALUE2,AUD-818,FairValue2_TQ_FVMeasureDiffDate,4,tailoring,Was the fair value measurement made as of a date that is different from the date that the entity is required to measure and report that information in its financial statements?,,,,
NPO,FAIRVALUE2,AUD-818,FairValue2_TQ_CollateralImpFactor,5,tailoring,Is collateral an important factor in measuring the fair value of an investment or evaluating its carrying amount?,,,,
NPO,FAIRVALUE2,AUD-818,FairValue2_TQ_AnalyticalProcedures,6,tailoring,"Do you intend to use analytical procedures, either alone or in combination with tests of details, as a substantive procedure?",,,,
NPO,COMMIT,AUD-819,COMMIT_TQ_AttorneyConsult,1,tailoring,"Has the auditor determined it necessary to obtain representation letters from the entity's legal counsel (e.g., external or in-house)?",,,,
NPO,COMMIT,AUD-819,COMMIT_TQ_AttorneyRestrict,2,tailoring,Did the entity's legal counsel restrict the use of his or her opinion to the client or to third parties other than the auditor?,,,,
NPO,COMMIT,AUD-819,COMMIT_TQ_EnvironmentalLiability,3,tailoring,Does the entity have any potential exposure to environmental liability risks?,,,,
NPO,COMMIT,AUD-819,COMMIT_TQ_PurchaseObligations,4,tailoring,Does the entity have unconditional purchase obligations or guarantees?,,,,
NPO,COMMIT,AUD-819,COMMIT_TQ_NewLitigation,5,tailoring,Did the entity's legal counsel identify new litigation or claims?,,,,
NPO,COMMIT,AUD-819,COMMIT_TQ_AnalyticalProcedures,6,tailoring,"Do you intend to use analytical procedures, either alone or in combination with tests of details, as a substantive procedure?",,,,
NPO,CONCENT,AUD-821,CONCENT_TQ_AnalyticalProcedures,1,tailoring,"Do you intend to use analytical procedures, either alone or in combination with tests of details, as a substantive procedure?",,,,
NPO,BUSINESS,AUD-822,BUSINESS_TQ_Combination,1,tailoring,Did the entity enter into any business combinations during the audit period?,,,,
NPO,BUSINESS,AUD-822,BUSINESS_TQ_AnalyticalProcedures,2,tailoring,"Do you intend to use analytical procedures, either alone or in combination with tests of details, as a substantive procedure?",,,,
ALG,CASH,AUD-801,CASH_TQ_TAILORING_AnalyticalProcedures,1,tailoring,"Do you intend to use analytical procedures, either alone or in combination with tests of details, as a substantive procedure?",,,,
ALG,CASH,AUD-801,CASH_TQ_TAILORING_OpenedClosed,2,tailoring,Were any accounts opened or closed during the period under audit?,,,,
ALG,CASH,AUD-801,CASH_TQ_TAILORING_Restricted,3,tailoring,"Were any accounts restricted by law, regulation, or contractual agreement?",,,,
ALG,CASH,AUD-801,CASH_TQ_TAILORING_Collateralized,4,tailoring,Are any cash accounts collateralized?,,,,
ALG,CASH,AUD-801,CASH_TQ_TAILORING_CutoffRequested,5,tailoring,Do we plan on requesting cutoff bank statements?,,,,
ALG,CASH,AUD-801,CASH_TQ_TAILORING_InterestBearing,6,tailoring,Does the entity have interest bearing cash accounts?,,,,
ALG,CASH,AUD-801,CASH_TQ_TAILORING_MultipleBanks,7,tailoring,Does the entity have cash accounts at more than one financial institution?,,,,
ALG,CASH,AUD-801,CASH_TQ_TAILORING_CutoffReceived,8,tailoring,Did we receive cutoff bank statements?,,,,
ALG,CASH,AUD-801,CASH_TQ_TAILORING_PettyCashMaterial,9,tailoring,Are petty cash balances or cumulative related petty cash transactions during the audit period material?,,,,
ALG,INVEST,AUD-802,INVEST_TQ_TAILORING_Digital,1,tailoring,Does the entity have investments in digital/crypto assets?,,,,
ALG,INVEST,AUD-802,INVEST_TQ_TAILORING_DigitalCrypto,2,tailoring,Does the entity have digital/crypto assets classified as “held to maturity”?,,,,
ALG,INVEST,AUD-802,INVEST_TQ_TAILORING_Securities,3,tailoring,"Does the entity have investments in securities subject to GASB-31, as amended by GASB-72 in this period or the prior period?",,,,
ALG,INVEST,AUD-802,INVEST_TQ_TAILORING_IndependentThird,4,tailoring,"Are any of the investments in securities subject to GASB-31, as amended by GASB-72 held by independent third parties?",,,,
ALG,INVEST,AUD-802,INVEST_TQ_TAILORING_ClientsInformation,5,tailoring,Has a service organization provided services that are a part of a client's information system?,,,,
ALG,INVEST,AUD-802,INVEST_TQ_TAILORING_Repos,6,tailoring,Does the entity have any repurchase or reverse repurchase agreements?,,,,
ALG,INVEST,AUD-802,INVEST_TQ_TAILORING_JntVentr,7,tailoring,Does the entity have any joint ventures or other equity method investments?,,,,
ALG,INVEST,AUD-802,INVEST_TQ_TAILORING_FinancialStatements,8,tailoring,Does the carrying amount of the security reflect factors that are not recognized in the investee's financial statements or fair values of assets that are materially different from the investee's carrying amounts?,,,,
ALG,INVEST,AUD-802,INVEST_TQ_TAILORING_DateOfEntity,9,tailoring,Is there a time lag between the date of the entity's financial statements and those of the investee (no more than three months)?,,,,
ALG,INVEST,AUD-802,INVEST_TQ_TAILORING_Transactions,10,tailoring,Are there subsequent events and transactions of the investee occurring after the date of the investee's financial statements but before the date of the investor auditor's report?,,,,
ALG,INVEST,AUD-802,INVEST_TQ_TAILORING_SecuritiesLending,11,tailoring,Did the entity have any securities lending transactions?,,,,
ALG,INVEST,AUD-802,INVEST_TQ_TAILORING_FairValue,12,tailoring,Are there investments in securities that are valued based on fair value?,,,,
ALG,INVEST,AUD-802,INVEST_TQ_TAILORING_InvBasedOnCost,13,tailoring,Are there investments in securities that are valued based on cost?,,,,
ALG,INVEST,AUD-802,INVEST_TQ_TAILORING_AssetBacked,14,tailoring,Does the entity have any investments in asset-backed securities?,,,,
ALG,INVEST,AUD-802,INVEST_TQ_TAILORING_Analytical,15,tailoring,"Do you intend to use analytical procedures, either alone or in combination with tests of details, as a substantive procedure?",,,,
ALG,ERR,AUD-803,ERR_TQ_AnalyticalProcedures,1,tailoring,"Do you intend to use analytical procedures, either alone or in combination with tests of details, as a substantive procedure?",,,,
ALG,ERR,AUD-803,ERR_TQ_FinancialStatements,2,tailoring,Do the financial statements include any exchange receivables?,,,,
ALG,ERR,AUD-803,ERR_TQ_ConfirmToBeSent,3,tailoring,Do we plan on confirming receivables?,,,,
ALG,ERR,AUD-803,ERR_TQ_ConfirmNotOnPeriodEnd,4,tailoring,Do we plan on confirming receivables on a date other than the financial statement date?,,,,
ALG,ERR,AUD-803,ERR_TQ_NotesReceivables,5,tailoring,Are notes receivable balances material to the overall financial statements or have specific risks been identified in notes receivable?,,,,
ALG,ERR,AUD-803,ERR_TQ_Fraud,6,tailoring,Was improper revenue recognition identified as a risk of material misstatement due to fraud?,,,,
ALG,ERR,AUD-803,ERR_TQ_PledgedReceivables,7,tailoring,"Are there any exchange revenue accounts or notes receivable balances that have been pledged, assigned, or discounted?",,,,
ALG,ERR,AUD-803,ERR_TQ_RelatedOrEmployees,8,tailoring,Does the entity have receivables from related parties or employees?,,,,
ALG,ERR,AUD-803,ERR_TQ_GreaterThanOneYear,9,tailoring,Does the entity have receivables with due dates greater than one year from the financial statement date?,,,,
ALG,ERR,AUD-803,ERR_TQ_Pledged,10,tailoring,Were any receivables or future revenues sold or pledged during the audit period?,,,,
ALG,NER,AUD-804,NER_TQ_AnalyticalProcedures,1,tailoring,"Do you intend to use analytical procedures, either alone or in combination with tests of details, as a substantive procedure?",,,,
ALG,NER,AUD-804,NER_TQ_FinancialStatements,2,tailoring,Do the financial statements include any nonexchange receivables?,,,,
ALG,NER,AUD-804,NER_TQ_TAILORING_ConfirmToBeSent,3,tailoring,Do we plan on confirming receivables?,,,,
ALG,NER,AUD-804,NER_TQ_TAILORING_ConfirmNotOnPeriodEnd,4,tailoring,Do we plan on confirming receivables on a date other than the financial statement date?,,,,
ALG,NER,AUD-804,NER_TQ_TAILORING_NotesReceivables,5,tailoring,Are notes receivable balances material to the overall financial statements or have specific risks been identified in notes receivable?,,,,
ALG,NER,AUD-804,NER_TQ_TAILORING_ImproperRevenue,6,tailoring,Was improper revenue recognition identified as a risk of material misstatement due to fraud?,,,,
ALG,NER,AUD-804,NER_TQ_TAILORING_RelatedOrEmployees,7,tailoring,Does the entity have receivables from related parties or employees?,,,,
ALG,NER,AUD-804,NER_TQ_TAILORING_GreaterThanOneYear,8,tailoring,Does the entity have receivables with due dates greater than one year from the financial statement date?,,,,
ALG,NER,AUD-804,NER_TQ_TAILORING_Transferred,9,tailoring,Were any receivables or future revenues sold or pledged during the audit period?,,,,
ALG,NER,AUD-804,NER_TQ_TAILORING_DerivedTaxRev,10,tailoring,"Does the entity have derived tax revenues (e.g., sales taxes and income taxes)?",,,,
ALG,NER,AUD-804,NER_TQ_TAILORING_ImposedNonexchangeRev,11,tailoring,"Does the entity have imposed nonexchange revenues (e.g., property taxes, fines and forfeitures, special assessments, and escheats)?",,,,
ALG,NER,AUD-804,NER_TQ_TAILORING_Gov-ManNonexchangeRev,12,tailoring,"Does the entity have government mandated nonexchange revenues (e.g., restricted shared revenues, such as a shared motor fuel tax)?",,,,
ALG,NER,AUD-804,NER_TQ_TAILORING_VolNonexchangeRev,13,tailoring,"Does the entity have voluntary nonexchange revenues (e.g., grants, entitlements, and donations or contributions, including pledges)?",,,,
ALG,INVENTORY,AUD-805,INVENTORY_TQ_TAILORING_Observation,1,tailoring,Do we intend to perform an inventory observation?,,,,
ALG,INVENTORY,AUD-805,INVENTORY_TQ_TAILORING_InventorDiffDate,2,tailoring,Was the inventory observation completed on a date other than the financial statement date?,,,,
ALG,INVENTORY,AUD-805,INVENTORY_TQ_TAILORING_PerpetualInv,3,tailoring,Does the entity maintain a perpetual inventory record?,,,,
ALG,INVENTORY,AUD-805,INVENTORY_TQ_TAILORING_Analytical,4,tailoring,"Do you intend to use analytical procedures, either alone or in combination with tests of details, as a substantive procedure?",,,,
ALG,INVENTORY,AUD-805,INVENTORY_TQ_TAILORING_FIFO,5,tailoring,Does the entity use FIFO as a valuation method?,,,,
ALG,INVENTORY,AUD-805,INVENTORY_TQ_TAILORING_CountInterm,6,tailoring,Does the entity perform the physical inventory count at an interim date?,,,,
ALG,INVENTORY,AUD-805,INVENTORY_TQ_TAILORING_OutsideInv,7,tailoring,Does entity have inventory at public warehouses or other outside locations?,,,,
ALG,INVENTORY,AUD-805,INVENTORY_TQ_TAILORING_InventPledge,8,tailoring,Did the client pledge any inventory during the current reporting period?,,,,
ALG,PP,AUD-806,PP_TQ_TAILORING_PPBalMaterial,1,tailoring,"Are account balances for prepaid expenses, deferred outflows of resources, or other assets material to the overall financial statements?",,,,
ALG,PP,AUD-806,PP_TQ_TAILORING_PPBalSpecRisk,2,tailoring,"Have specific risks been identified associated with account balances for prepaid expenses, deferred outflows of resources, or other assets?",,,,
ALG,PP,AUD-806,PP_TQ_TAILORING_InsuranceBalMaterial,3,tailoring,Is the prepaid insurance balance material to the overall financial statements?,,,,
ALG,PP,AUD-806,PP_TQ_TAILORING_PPDInsSpecRisk,4,tailoring,Have specific risks been identified associated with account balances for prepaid insurance?,,,,
ALG,PP,AUD-806,PP_TQ_TAILORING_OthPPBalMaterial,5,tailoring,"Are the other prepaid expenses, deferred outflows of resources, or other assets balance material to the overall financial statements?",,,,
ALG,PP,AUD-806,PP_TQ_TAILORING_OthPPBalSpecRisk,6,tailoring,"Have specific risks been identified associated with account balances for other prepaid expenses, deferred outflows of resources, or other assets?",,,,
ALG,PP,AUD-806,PP_TQ_TAILORING_MaterialDeposits,7,tailoring,Does the entity have material deposits or other similar assets?,,,,
ALG,PP,AUD-806,PP_TQ_TAILORING_AnalyticalProcedures,8,tailoring,"Do you intend to use analytical procedures, either alone or in combination with tests of details, as a substantive procedure?",,,,
ALG,PPE,AUD-807,PPE_TQ_TAILORING_PPEBalMaterial,1,tailoring,Is the capital asset balance material to the overall financial statements?,,,,
ALG,PPE,AUD-807,PPE_TQ_TAILORING_PPESpecRisks,2,tailoring,Have specific risks been identified associated with account balances for capital asset?,,,,
ALG,PPE,AUD-807,PPE_TQ_TAILORING_DepMaterial,3,tailoring,Is the depreciation expense material to the overall financial statements?,,,,
ALG,PPE,AUD-807,PPE_TQ_TAILORING_DepSpecRisks,4,tailoring,Have specific risks been identified associated with account balances for depreciations expense?,,,,
ALG,PPE,AUD-807,PPE_TQ_TAILORING_Infrastructure,5,tailoring,Has the entity elected to use the modified approach for reporting infrastructure assets?,,,,
ALG,PPE,AUD-807,PPE_TQ_TAILORING_RepMaintBalMaterial,6,tailoring,Is the repairs and maintenance balance material to the overall financial statements?,,,,
ALG,PPE,AUD-807,PPE_TQ_TAILORING_RepMaintSpecRisks,7,tailoring,Have specific risks been identified associated with account balances for repairs and maintenance?,,,,
ALG,PPE,AUD-807,PPE_TQ_TAILORING_Leases,8,tailoring,Does the entity have any leases?,,,,
ALG,PPE,AUD-807,PPE_TQ_TAILORING_ServiceConcession,9,tailoring,Does the entity have Service Concession Arrangements?,,,,
ALG,PPE,AUD-807,PPE_TQ_TAILORING_Impairement,10,tailoring,Does the entity have any long lived fixed assets that are classified as held for sale?,,,,
ALG,PPE,AUD-807,PPE_TQ_TAILORING_LLARetire,11,tailoring,Does the entity have any obligations related to the retirement of long-lived assets?,,,,
ALG,PPE,AUD-807,PPE_TQ_TAILORING_GovFundCapAssets,12,tailoring,Does the governmental funds have capital assets?,,,,
ALG,PPE,AUD-807,PPE_TQ_TAILORING_Transfers,13,tailoring,Were any capital assets transferred within the reporting entity?,,,,
ALG,PPE,AUD-807,PPE_TQ_TAILORING_Pollution,14,tailoring,Did the entity have any capital outlays related to pollution remediation?,,,,
ALG,PPE,AUD-807,PPE_TQ_TAILORING_Intangible,15,tailoring,Does the entity have intangible assets?,,,,
ALG,PPE,AUD-807,PPE_TQ_TAILORING_AnalyticalProcedures,16,tailoring,"Do you intend to use analytical procedures, either alone or in combination with tests of details, as a substantive procedure?",,,,
ALG,AP,AUD-808,AP_TQ_TAILORING_AnalyticalProcedures,1,tailoring,"Do you intend to use analytical procedures, either alone or in combination with tests of details, as a substantive procedure?",,,,
ALG,AP,AUD-808,AP_TQ_TAILORING_ConfirmAP,2,tailoring,Do we plan on confirming accounts payable?,,,,
ALG,AP,AUD-808,AP_TQ_TAILORING_SpecificTerms,3,tailoring,Does the client have any amounts included in trade accounts payable that have specified payment terms?,,,,
ALG,AP,AUD-808,AP_TQ_TAILORING_PledgedAP,4,tailoring,Does the client have any assets pledged as collateral for accounts payable?,,,,
ALG,AP,AUD-808,AP_TQ_TAILORING_AccruedLiab,5,tailoring,Are other accrued liabilities balances or transactions material to the overall financial statements?,,,,
ALG,AP,AUD-808,AP_TQ_TAILORING_RiskAccrued,6,tailoring,Have specific risks been identified associated with account balances for other accrued liabilities?,,,,
ALG,OL,AUD-809,OL_TQ_TAILORING_PayrollBalMaterial,1,tailoring,Are the payroll and related liabilities balances material to the overall financial statements?,,,,
ALG,OL,AUD-809,OL_TQ_TAILORING_PayrollSpecRisks,2,tailoring,Have specific risks been identified associated with account balances for payroll and related liabilities?,,,,
ALG,OL,AUD-809,OL_TQ_TAILORING_PayrollTaxMaterial,3,tailoring,Are accrued payroll and payroll taxes material to the overall financial statements?,,,,
ALG,OL,AUD-809,OL_TQ_TAILORING_PayrollTaxSpecRisks,4,tailoring,Have specific risks been identified associated with account balances for accrued payroll and payroll taxes?,,,,
ALG,OL,AUD-809,OL_TQ_TAILORING_ShortTermCompAbsence,5,tailoring,Does the entity offer short term compensated absences benefits to its employees?,,,,
ALG,OL,AUD-809,OL_TQ_TAILORING_CompAbsenceMaterial,6,tailoring,Are the accruals for compensated absences material to the overall financial statements?,,,,
ALG,OL,AUD-809,OL_TQ_TAILORING_CompAbsenceSpecRisks,7,tailoring,Have specific risks been identified associated with account balances of accruals for compensated absences?,,,,
ALG,OL,AUD-809,OL_TQ_TAILORING_EBPAccrualsBalMaterial,8,tailoring,Are the accruals for employee benefit plans balances material to the overall financial statements?,,,,
ALG,OL,AUD-809,OL_TQ_TAILORING_EBPAccrualsSpecRisks,9,tailoring,Have specific risks been identified associated with the account balances for accruals for employee benefit plans?,,,,
ALG,OL,AUD-809,OL_TQ_TAILORING_PostOPEB,10,tailoring,Are the accruals for other post-employment benefit plans (OPEB) balances material to the overall financial statements?,,,,
ALG,OL,AUD-809,OL_TQ_TAILORING_RisksPostOPEB,11,tailoring,Have specific risks been identified associated with the account balances for other post-employment benefit plans (OPEB)?,,,,
ALG,OL,AUD-809,OL_TQ_TAILORING_AuditbyAnother,12,tailoring,Was the plan audited by another auditor?,,,,
ALG,OL,AUD-809,OL_TQ_TAILORING_OPEB,13,tailoring,Does the entity have any pension or OPEB Liabilities that were adjusted due to a Chapter 9 bankruptcy petition?,,,,
ALG,OL,AUD-809,OL_TQ_TAILORING_LongTermEB,14,tailoring,"Does the entity provide other long-term employee benefits (e.g., long-term compensated absences, sabbatical leave, long-term disability benefits, deferred compensation, etc.)?",,,,
ALG,OL,AUD-809,OL_TQ_TAILORING_DefCompBalMaterial,15,tailoring,Do deferred compensation agreements exist and are balances material to the overall financial statements?,,,,
ALG,OL,AUD-809,OL_TQ_TAILORING_DefCompSpecRisks,16,tailoring,Have specific risks been identified associated with account balances of accruals for deferred compensation?,,,,
ALG,OL,AUD-809,OL_TQ_TAILORING_COMPEBBalMaterial,17,tailoring,"Are postemployment benefits (e.g., salary continuation, severance benefits, disability and health care benefits, and job training and counseling) provided by the entity and are accrual balances material to the overall financial statements?",,,,
ALG,OL,AUD-809,OL_TQ_TAILORING_PEBSpecRisks,18,tailoring,Have specific risks been identified associated with account balances of accruals for postemployment benefits?,,,,
ALG,OL,AUD-809,OL_TQ_TAILORING_DefIncBalMaterial,19,tailoring,Are deferred inflows balances or transactions material to the overall financial statements?,,,,
ALG,OL,AUD-809,OL_TQ_TAILORING_DefIncSpecRisks,20,tailoring,Have specific risks been identified associated with account balances for deferred inflows?,,,,
ALG,OL,AUD-809,OL_TQ_TAILORING_PEBBalMaterial,21,tailoring,Does the entity provide any termination benefits?,,,,
ALG,OL,AUD-809,OL_TQ_TAILORING_OnBehalf,22,tailoring,Has the entity made any on-behalf payment?,,,,
ALG,OL,AUD-809,OL_TQ_TAILORING_GovFunds,23,tailoring,Do the reporting unit(s) include any governmental funds?,,,,
ALG,OL,AUD-809,OL_TQ_TAILORING_Deposits,24,tailoring,Does the entity hold any deposits for customers?,,,,
ALG,OL,AUD-809,OL_TQ_TAILORING_AnalyticalProcedures,25,tailoring,"Do you intend to use analytical procedures, either alone or in combination with tests of details, as a substantive procedure?",,,,
ALG,DEBT,AUD-810,DEBT_TQ_TAILORING_AnalyticalProcedures,1,tailoring,"Do you intend to use analytical procedures, either alone or in combination with tests of details, as a substantive procedure?",,,,
ALG,DEBT,AUD-810,DEBT_TQ_TAILORING_Leases,2,tailoring,Does the entity have any leases?,,,,
ALG,DEBT,AUD-810,DEBT_TQ_TAILORING_Types,3,tailoring,"Does the entity have any bond, revenue, or tax anticipation notes?",,,,
ALG,DEBT,AUD-810,DEBT_TQ_TAILORING_DemandBonds,4,tailoring,Does the entity have any demand bonds?,,,,
ALG,DEBT,AUD-810,DEBT_TQ_TAILORING_Covenants,5,tailoring,Does the entity have to comply with debt covenants?,,,,
ALG,DEBT,AUD-810,DEBT_TQ_TAILORING_Bankruptcy,6,tailoring,Does the entity have any long-term debts adjusted due to a Chapter 9 bankruptcy petition?,,,,
ALG,DEBT,AUD-810,DEBT_TQ_TAILORING_GovernmentalFunds,7,tailoring,Do the reporting unit(s) include governmental funds?,,,,
ALG,EQUITY,AUD-811,EQUITY_TQ_TAILORING_AnalyticalProcedures,1,tailoring,"Do you intend to use analytical procedures, either alone or in combination with tests of details, as a substantive procedure?",,,,
ALG,OTHREV,AUD-812,OTHREV_TQ_TAILORING_AnalyticalProcedures,1,tailoring,"Do you intend to use analytical procedures, either alone or in combination with tests of details, as a substantive procedure?",,,,
ALG,OTHREV,AUD-812,OTHREV_TQ_TAILORING_Material,2,tailoring,Are there expense accounts balances material to the overall financial statements?,,,,
ALG,OTHREV,AUD-812,OTHREV_TQ_TAILORING_SpecificRisk,3,tailoring,Have specific risks been identified associated with account balances for expenses?,,,,
ALG,OTHREV,AUD-812,OTHREV_TQ_TAILORING_Grants,4,tailoring,Does the entity have any grants or similar contributions?,,,,
ALG,OTHREV,AUD-812,OTHREV_TQ_TAILORING_Encumbrances,5,tailoring,Does the entity have any encumbrances?,,,,
ALG,RPTRNS2,AUD-814,RPTRNS2_TQ_RelatedPartyTrans,1,tailoring,Are there any related party transactions identified?,,,,
ALG,RPTRNS2,AUD-814,RPTRNS2_TQ_UnusualTrans,2,tailoring,Have we identified significant unusual transactions while performing applicable audit procedures?,,,,
ALG,RPTRNS2,AUD-814,RPTRNS2_TQ_RelatedPartyFS,3,tailoring,Have we identified related-party transactions that are required to be disclosed in the financial statements or are determined to be a significant risk?,,,,
ALG,RPTRNS2,AUD-814,RPTRNS2_TQ_AnalyticalProcedures,4,tailoring,"Do you intend to use analytical procedures, either alone or in combination with tests of details, as a substantive procedure?",,,,
ALG,FAIRVALUE2,AUD-815,FairValue2_TQ_ThirdParty,1,tailoring,Did the entity retain the service of a third-party pricing agency?,,,,
ALG,FAIRVALUE2,AUD-815,FairValue2_TQ_SpecialistEstFV,2,tailoring,Was a specialist engaged to estimate fair value?,,,,
ALG,FAIRVALUE2,AUD-815,FairValue2_TQ_ImpendingTrans,3,tailoring,Does the entity plan to use an impending transaction as the basis for a fair value estimate?,,,,
ALG,FAIRVALUE2,AUD-815,FairValue2_TQ_FVMeasureDiffDate,4,tailoring,Was the fair value measurement made as of a date that is different from the date that the entity is required to measure and report that information in its financial statements?,,,,
ALG,FAIRVALUE2,AUD-815,FairValue2_TQ_CollateralImpFactor,5,tailoring,Is collateral an important factor in measuring the fair value of an investment or evaluating its carrying amount?,,,,
ALG,FAIRVALUE2,AUD-815,FairValue2_TQ_AnalyticalProcedures,6,tailoring,"Do you intend to use analytical procedures, either alone or in combination with tests of details, as a substantive procedure?",,,,
ALG,INTERFUND,AUD-816,INTERFUND_TQ_TAILORING_Loans,1,tailoring,Does the entity have interfund loans?,,,,
ALG,INTERFUND,AUD-816,INTERFUND_TQ_TAILORING_InternalServiceFund,2,tailoring,Does the entity have an internal service fund?,,,,
ALG,INTERFUND,AUD-816,INTERFUND_TQ_TAILORING_AssetsTransferred,3,tailoring,Were any assets transferred between funds during the reporting period?,,,,
ALG,INTERFUND,AUD-816,INTERFUND_TQ_TAILORING_AnalyticalProcedures,4,tailoring,"Do you intend to use analytical procedures, either alone or in combination with tests of details, as a substantive procedure?",,,,
ALG,BUDGET2,AUD-817,BUDGET2_TQ_TAILORING_Encumbrances,1,tailoring,Are encumbrances reported as budgetary expenditures?,,,,
ALG,BUDGET2,AUD-817,BUDGET2_TQ_TAILORING_AnalProcedures,2,tailoring,"Do you intend to use analytical procedures, either alone or in combination with tests of details, as a substantive procedure?",,,,
ALG,DERIVATIVE,AUD-818,DERIVATIVE_TQ_TAILORING_AnalyticalProcedures,1,tailoring,"Do you intend to use analytical procedures, either alone or in combination with tests of details, as a substantive procedure?",,,,
ALG,DERIVATIVE,AUD-818,DERIVATIVE_TQ_TAILORING_FairValue,2,tailoring,Does the entity have investments in derivative instruments that are valued based on fair value?,,,,
ALG,SELF,AUD-819,SELF_TQ_TAILORING_AnalyticalProcedures,1,tailoring,"Do you intend to use analytical procedures, either alone or in combination with tests of details, as a substantive procedure?",,,,
ALG,LANDFILL,AUD-820,LANDFILL_TQ_TAILORING_ShareResponsibility,1,tailoring,Does the government share responsibility for the landfill with another party?,,,,
ALG,LANDFILL,AUD-820,LANDFILL_TQ_TAILORING_MSWLF,2,tailoring,Is a financial Assurance Letter to be provided for the MSWLF?,,,,
ALG,LANDFILL,AUD-820,LANDFILL_TQ_TAILORING_AnalyticalProcedures,3,tailoring,"Do you intend to use analytical procedures, either alone or in combination with tests of details, as a substantive procedure?",,,,
ALG,COMMIT,AUD-821,COMMIT_TQ_LegalCouncil,1,tailoring,"Has the auditor determined it necessary to obtain representation letters from the entity's legal counsel (e.g., external or in-house)?",,,,
ALG,COMMIT,AUD-821,COMMIT_TQ_AttorneyRestrict,2,tailoring,Did the entity's legal counsel restrict the use of his or her opinion to the client or to third parties other than the auditor?,,,,
ALG,COMMIT,AUD-821,COMMIT_TQ_EnvironRisks,3,tailoring,Does the entity have any potential exposure to environmental liability risks?,,,,
ALG,COMMIT,AUD-821,COMMIT_TQ_PurchaseObligations,4,tailoring,Does the entity have unconditional purchase obligations or guarantees?,,,,
ALG,COMMIT,AUD-821,COMMIT_TQ_NewLitigation,5,tailoring,Did the entity's legal counsel identify new litigation or claims?,,,,
ALG,COMMIT,AUD-821,COMMIT_TQ_AnalyticalProcedures,6,tailoring,"Do you intend to use analytical procedures, either alone or in combination with tests of details, as a substantive procedure?",,,,
ALG,CONCENT,AUD-823,CONCENT_TQ_AnalyticalProcedures,1,tailoring,"Do you intend to use analytical procedures, either alone or in combination with tests of details, as a substantive procedure?",,,,
EBP,CASH,AUD-801,CASH_TQ_TAILORING_AnalyticalProcedures,1,tailoring,"Do you intend to use analytical procedures, either alone or in combination with tests of details, as a substantive procedure?",,,,
EBP,CASH,AUD-801,CASH_TQ_TAILORING_TrustInv,2,tailoring,"Does the plan have cash accounts as part of a trust investment vehicle (e.g., held in an investment trust account for liquidity purposes) or insurance contract?",,,,
EBP,CASH,AUD-801,CASH_TQ_TAILORING_Certified,3,tailoring,"Are these cash accounts certified by the regulated entity (e.g., bank or insurance company)?",,,,
EBP,CASH,AUD-801,CASH_TQ_TAILORING_CashOperating,4,tailoring,Does the plan have cash accounts which are operating accounts?,,,,
EBP,CASH,AUD-801,CASH_TQ_TAILORING_CutoffRequested,5,tailoring,Do we plan on requesting cutoff bank statements?,,,,
EBP,CASH,AUD-801,CASH_TQ_TAILORING_InterestBearing,6,tailoring,Does the plan have interest bearing cash accounts?,,,,
EBP,CASH,AUD-801,CASH_TQ_TAILORING_MultipleBanks,7,tailoring,Does the plan have cash accounts at more than one financial institution?,,,,
EBP,CASH,AUD-801,CASH_TQ_TAILORING_CutoffReceived,8,tailoring,Did we receive cutoff bank statements?,,,,
EBP,INVEST,AUD-802A,INVEST_TQ_TAILORING_SecuritiesonHand,1,tailoring,Does the plan have securities on hand?,,,,
EBP,INVEST,AUD-802A,INVEST_TQ_TAILORING_IndependentThird,2,tailoring,Does the plan have investments held by independent third parties?,,,,
EBP,INVEST,AUD-802A,INVEST_TQ_TAILORING_TransferCategories,3,tailoring,Has there been any transfers between categories of investments?,,,,
EBP,INVEST,AUD-802A,INVEST_TQ_TAILORING_ExTradedFunds,4,tailoring,Does the plan hold mutual funds or exchange traded funds?,,,,
EBP,INVEST,AUD-802A,INVEST_TQ_TAILORING_CCT,5,tailoring,Does the plan have investments in Common Collective Trusts (CCTS)?,,,,
EBP,INVEST,AUD-802A,INVEST_TQ_TAILORING_MasterTrust,6,tailoring,Does the plan have investments in Master Trusts?,,,,
EBP,INVEST,AUD-802A,INVEST_TQ_TAILORING_GIC,7,tailoring,"Does the plan have any contracts with insurance companies, including deposit administration and immediate participation contracts, pooled separate accounts, GICS?",,,,
EBP,INVEST,AUD-802A,INVEST_TQ_TAILORING_GICINV,8,tailoring,"Does the plan hold any investments in guaranteed investment contracts, deposit administration contracts, and immediate participation guarantee contracts?",,,,
EBP,INVEST,AUD-802A,INVEST_TQ_TAILORING_PooledAccounts,9,tailoring,Does the plan have any pooled separate accounts?,,,,
EBP,INVEST,AUD-802A,INVEST_TQ_TAILORING_JntVentr,10,tailoring,"Does the plan have any investments in closely held corporations, partnerships, or joint ventures?",,,,
EBP,INVEST,AUD-802A,INVEST_TQ_TAILORING_Omnibus,11,tailoring,Does the plan hold investments that are held within an omnibus account?,,,,
EBP,INVEST,AUD-802A,INVEST_TQ_TAILORING_InvLifeIns,12,tailoring,Does the plan hold investments in trust owned life insurance?,,,,
EBP,INVEST,AUD-802A,INVEST_TQ_TAILORING_DerHedge,13,tailoring,Does the plan have any derivative instruments or hedging activities?,,,,
EBP,INVEST,AUD-802A,INVEST_TQ_TAILORING_SecLendingAct,14,tailoring,Does the plan have securities lending activities?,,,,
EBP,INVEST,AUD-802A,INVEST_TQ_TAILORING_AssetBacked,15,tailoring,Does the plan have any investments in asset-backed securities?,,,,
EBP,INVEST,AUD-802A,INVEST_TQ_TAILORING_FairValueRules,16,tailoring,Are there investments in securities or derivative instruments that are valued based on Fair Value rules?,,,,
EBP,INVEST,AUD-802A,INVEST_TQ_TAILORING_Analytical,17,tailoring,"Do you intend to use analytical procedures, either alone or in combination with tests of details, as a substantive procedure?",,,,
EBP,LIMITED,AUD-802B,LIMITED_TQ_TAILORING_ChargedtoInvest,1,tailoring,Are investment expenses material and charged to the investment and/or contract?,,,,
EBP,AR,AUD-803,AR_TQ_AnalyticalProcedures,1,tailoring,"Do you intend to use analytical procedures, either alone or in combination with tests of details, as a substantive procedure?",,,,
EBP,AR,AUD-803,AR_TQ_MuiltiEmployer,2,tailoring,Is the plan a multiemployer plan?,,,,
EBP,AR,AUD-803,AR_TQ_FinancialStatements,3,tailoring,Do the financial statements include any receivables?,,,,
EBP,AR,AUD-803,AR_TQ_ConfirmToBeSent,4,tailoring,Do we plan on confirming receivables?,,,,
EBP,AR,AUD-803,AR_TQ_EmployerContrib,5,tailoring,Does the plan have employer contributions?,,,,
EBP,AR,AUD-803,AR_TQ_DB,6,tailoring,Is the plan a defined benefit plan?,,,,
EBP,AR,AUD-803,AR_TQ_Forfeitures,7,tailoring,Does the plan have any forfeitures?,,,,
EBP,AR,AUD-803,AR_TQ_NoncashContrib,8,tailoring,Does the plan have any noncash contributions?,,,,
EBP,AR,AUD-803,AR_TQ_Rollovers,9,tailoring,Does the plan have any rollovers?,,,,
EBP,OTHASSET,AUD-804,OTHASSET_TQ_RecInsComp,1,tailoring,Does the plan have other receivables including receivables from insurance companies?,,,,
EBP,OTHASSET,AUD-804,OTHASSET_TQ_DepInsComp,2,tailoring,Does the plan have any deposits or reserves with insurance companies?,,,,
EBP,OTHASSET,AUD-804,OTHASSET_TQ_OperatingAssets,3,tailoring,Does the plan have any operating assets?,,,,
EBP,OTHASSET,AUD-804,OTHASSET_TQ_Multiemployer,4,tailoring,Is the plan a multiemployer plan?,,,,
EBP,PARTICIPANTNOTES,AUD-805,PARTICIPANTNOTES_TQ_Analytical,1,tailoring,"Do you intend to use analytical procedures, either alone or in combination with tests of details, as a substantive procedure?",,,,
EBP,AP,AUD-806,AP_TQ_TAILORING_AnalyticalProcedures,1,tailoring,"Do you intend to use analytical procedures, either alone or in combination with tests of details, as a substantive procedure?",,,,
EBP,AP,AUD-806,AP_TQ_TAILORING_ConfirmAP,2,tailoring,Do we plan on confirming accounts payable?,,,,
EBP,AP,AUD-806,AP_TQ_TAILORING_TradeAP,3,tailoring,Does the plan have any amounts included in trade accounts payable that have specified payment terms?,,,,
EBP,AP,AUD-806,AP_TQ_TAILORING_PledgedAP,4,tailoring,Does the plan have any assets pledged as collateral for accounts payable?,,,,
EBP,DEBT,AUD-807,DEBT_TQ_TAILORING_AnalyticalProcedures,1,tailoring,"Do you intend to use analytical procedures, either alone or in combination with tests of details, as a substantive procedure?",,,,
EBP,DEBT,AUD-807,DEBT_TQ_TAILORING_MaturityDates,2,tailoring,Does the plan have any debt with maturity dates due within the next year?,,,,
EBP,DEBT,AUD-807,DEBT_TQ_TAILORING_Covenants,3,tailoring,Does the plan have any debt obligations that contain restrictive covenants?,,,,
EBP,DEBT,AUD-807,DEBT_TQ_TAILORING_Violations,4,tailoring,Did the auditor or management identify any covenant violations?,,,,
EBP,DEBT,AUD-807,DEBT_TQ_TAILORING_DebtExtinquished,5,tailoring,Has the plan extinguished any debt instruments during the period under audit?,,,,
EBP,DEBT,AUD-807,DEBT_TQ_TAILORING_ESOP,6,tailoring,Is the plan an ESOP?,,,,
EBP,OTHREV,AUD-808,OTHREV_TQ_TAILORING_AnalyticalProcedures,1,tailoring,"Do you intend to use analytical procedures, either alone or in combination with tests of details, as a substantive procedure?",,,,
EBP,OTHREV,AUD-808,OTHREV_TQ_TAILORING_ExpenseAccounts,2,tailoring,Are there expense accounts balances material to the overall financial statements?,,,,
EBP,OTHREV,AUD-808,OTHREV_TQ_TAILORING_ExpenseRisks,3,tailoring,Have specific risks been identified associated with account balances for expenses?,,,,
EBP,OTHREV,AUD-808,OTHREV_TQ_TAILORING_Participants,4,tailoring,Are plan expenses allocated to participants?,,,,
EBP,OTHREV,AUD-808,OTHREV_TQ_TAILORING_SeveralPlans,5,tailoring,Are plan expenses allocated to several plans?,,,,
EBP,BENEFIT,AUD-809,BENEFIT_TQ_TAILORING_DefBenPlan,1,tailoring,Is the plan a defined contribution or define benefit plan?,,,,
EBP,BENEFIT,AUD-809,BENEFIT_TQ_TAILORING_EquityPlan,2,tailoring,Is the plan a cash balance or pension equity plan?,,,,
EBP,BENEFIT,AUD-809,BENEFIT_TQ_TAILORING_NotTested,3,tailoring,Are there any benefit payments not tested?,,,,
EBP,BENEFIT,AUD-809,BENEFIT_TQ_TAILORING_Annuity,4,tailoring,Do benefit payments consist of previously audited annuity pension payments?,,,,
EBP,BENEFIT,AUD-809,BENEFIT_TQ_TAILORING_HW,5,tailoring,Is the plan a health & welfare plan?,,,,
EBP,BENEFIT,AUD-809,BENEFIT_TQ_TAILORING_LossCov,6,tailoring,Does the plan have stop loss coverage?,,,,
EBP,BENEFIT,AUD-809,BENEFIT_TQ_TAILORING_DirPart,7,tailoring,Are there benefit payments received directly by participants?,,,,
EBP,BENEFIT,AUD-809,BENEFIT_TQ_TAILORING_Analytical,8,tailoring,"Do you intend to use analytical procedures, either alone or in combination with tests of details, as a substantive procedure?",,,,
EBP,CHANGES,AUD-811,CHANGES_TQ_Year,1,tailoring,Did the plan change a service provider during the year?,,,,
EBP,CHANGES,AUD-811,CHANGES_TQ_SpinOff,2,tailoring,Has a plan merger or spin off occurred?,,,,
EBP,CHANGES,AUD-811,CHANGES_TQ_Terminated,3,tailoring,"Has the plan been terminated, partially terminated or frozen?",,,,
EBP,RPTRNS2,AUD-813,RPTRNS2_TQ_RelatedPartyTrans,1,tailoring,Are there any related party transactions identified?,,,,
EBP,PARTICIPANTA,AUD-814A,PARTICIPANTA_TQ_MoneyPlan,1,tailoring,Is the plan a money purchase plan?,,,,
EBP,PARTICIPANTA,AUD-814A,PARTICIPANTA_TQ_Multiemployer,2,tailoring,Is the plan a multiemployer plan?,,,,
EBP,PARTICIPANTA,AUD-814A,PARTICIPANTA_TQ_Analytical,3,tailoring,"Do you intend to use analytical procedures, either alone or in combination with tests of details, as a substantive procedure?",,,,
EBP,PARTICIPANTBEN,AUD-814B,PARTICIPANTBEN_TQ_EmployerCont,1,tailoring,Does the plan allow for employee contributions?,,,,
EBP,PARTICIPANTBEN,AUD-814B,PARTICIPANTBEN_TQ_CashComp,2,tailoring,Does the plan have a cash balance component?,,,,
EBP,PARTICIPANTBEN,AUD-814B,PARTICIPANTBEN_TQ_MultiPlan,3,tailoring,Is the plan a multiemployer plan?,,,,
EBP,PARTICIPANTBEN,AUD-814B,PARTICIPANTBEN_TQ_Analytical,4,tailoring,"Do you intend to use analytical procedures, either alone or in combination with tests of details, as a substantive procedure?",,,,
EBP,PARTICIPANTHW,AUD-814C,PARTICIPANTHW_TQ_EmpCont,1,tailoring,Does the plan allow for employee contributions?,,,,
EBP,PARTICIPANTHW,AUD-814C,PARTICIPANTHW_TQ_MultiPlan,2,tailoring,Is the plan a multiemployer plan?,,,,
EBP,PARTICIPANTHW,AUD-814C,PARTICIPANTHW_TQ_AnalyticalProcedures,3,tailoring,"Do you intend to use analytical procedures, either alone or in combination with tests of details, as a substantive procedure?",,,,
EBP,BENEFITOBLIG,AUD-814D,BENEFITOBLIG_TQ_HW,1,tailoring,Is the plan a health and welfare plan?,,,,
EBP,BENEFITOBLIG,AUD-814D,BENEFITOBLIG_TQ_PostBen,2,tailoring,Does the plan offer postemployment benefits?,,,,
EBP,BENEFITOBLIG,AUD-814D,BENEFITOBLIG_TQ_AnalyticalProcedures,3,tailoring,"Do you intend to use analytical procedures, either alone or in combination with tests of details, as a substantive procedure?",,,,
EBP,FAIRVALUE2,AUD-816,FairValue2_TQ_ThirdParty,1,tailoring,Did the plan retain the service of a third-party pricing agency?,,,,
EBP,FAIRVALUE2,AUD-816,FairValue2_TQ_SpecialistEstFV,2,tailoring,Was a specialist engaged to estimate fair value?,,,,
EBP,FAIRVALUE2,AUD-816,FairValue2_TQ_ImpendingTrans,3,tailoring,"Does the plan, plan to use an impending transaction as the basis for a fair value estimate?",,,,
EBP,FAIRVALUE2,AUD-816,FairValue2_TQ_FVMeasureDiffDate,4,tailoring,Was the fair value measurement made as of a date that is different from the date that the plan is required to measure and report that information in its financial statements?,,,,
EBP,FAIRVALUE2,AUD-816,FairValue2_TQ_CollateralImpFactor,5,tailoring,Is collateral an important factor in measuring the fair value of an investment or evaluating its carrying amount?,,,,
EBP,FAIRVALUE2,AUD-816,FairValue2_TQ_AnalyticalProcedures,6,tailoring,"Do you intend to use analytical procedures, either alone or in combination with tests of details, as a substantive procedure?",,,,
EBP,COMMIT,AUD-817,COMMIT_TQ_InHouseLegal,1,tailoring,"Has the auditor determined it necessary to obtain representation letters from the plan's legal counsel (e.g., external or in-house)?",,,,
EBP,COMMIT,AUD-817,COMMIT_TQ_AttorneyRestrict,2,tailoring,Did the plan's legal counsel restrict the use of his or her opinion to the client or to third parties other than the auditor?,,,,
EBP,COMMIT,AUD-817,COMMIT_TQ_PurchaseObligations,3,tailoring,Does the plan have unconditional purchase obligations or guarantees?,,,,
EBP,COMMIT,AUD-817,COMMIT_TQ_NewLitigation,4,tailoring,Did the plan's legal counsel identify new litigation or claims?,,,,
EBP,COMMIT,AUD-817,COMMIT_TQ_AnalyticalProcedures,5,tailoring,"Do you intend to use analytical procedures, either alone or in combination with tests of details, as a substantive procedure?",,,,
ASB,CASH,AUD-801,CASH_TQ_TAILORING_AnalyticalProcedures,1,tailoring,"Do you intend to use analytical procedures, either alone or in combination with tests of details, as a substantive procedure?",,,,
ASB,CASH,AUD-801,CASH_TQ_TAILORING_CutoffRequested,2,tailoring,Do we plan on requesting cutoff bank statements?,,,,
ASB,CASH,AUD-801,CASH_TQ_TAILORING_InterestBearing,3,tailoring,Does the entity have interest bearing cash accounts?,,,,
ASB,CASH,AUD-801,CASH_TQ_TAILORING_MultipleBanks,4,tailoring,Does the entity have cash accounts at more than one financial institution?,,,,
ASB,CASH,AUD-801,CASH_TQ_TAILORING_CutoffReceived,5,tailoring,Did we receive cutoff bank statements?,,,,
ASB,CASH,AUD-801,CASH_TQ_TAILORING_PettyCashMaterial,6,tailoring,Are petty cash balances or cumulative related petty cash transactions during the audit period material?,,,,
ASB,AR,AUD-803,AR_TQ_AnalyticalProcedures,1,tailoring,"Do you intend to use analytical procedures, either alone or in combination with tests of details, as a substantive procedure?",,,,
ASB,AR,AUD-803,AR_TQ_FinancialStatements,2,tailoring,Do the financial statements include any accounts receivable?,,,,
ASB,AR,AUD-803,AR_TQ_ConfirmReceivables,3,tailoring,Do we plan on confirming receivables?,,,,
ASB,AR,AUD-803,AR_TQ_ConfirmNotOnPeriodEnd,4,tailoring,Do we plan on confirming receivables on a date other than the financial statement date?,,,,
ASB,AR,AUD-803,AR_TQ_SignificantSales,5,tailoring,Does the entity have significant sales transactions executed with related parties?,,,,
ASB,AR,AUD-803,AR_TQ_NotesReceivables,6,tailoring,Are notes receivable balances material to the overall financial statements or have specific risks been identified in notes receivable?,,,,
ASB,AR,AUD-803,AR_TQ_Fraud,7,tailoring,Was improper revenue recognition identified as a risk of material misstatement due to fraud?,,,,
ASB,AR,AUD-803,AR_TQ_PledgedReceivables,8,tailoring,"Are there any accounts or notes receivable balances that have been pledged, assigned, or discounted?",,,,
ASB,AR,AUD-803,AR_TQ_RelatedOrEmployees,9,tailoring,Does the entity have receivables from related parties or employees?,,,,
ASB,AR,AUD-803,AR_TQ_GreaterThanOneYear,10,tailoring,Does the entity have receivables with due dates greater than one year from the financial statement date?,,,,
ASB,AR,AUD-803,AR_TQ_Transferred,11,tailoring,Were any receivables transferred during the audit period?,,,,
ASB,INVENTORY,AUD-804,INVENTORY_TQ_TAILORING_Observation,1,tailoring,Do we intend to perform an inventory observation?,,,,
ASB,INVENTORY,AUD-804,INVENTORY_TQ_TAILORING_InventorDiffDate,2,tailoring,Was the inventory observation completed on a date other than the financial statement date?,,,,
ASB,INVENTORY,AUD-804,INVENTORY_TQ_TAILORING_Perpetual,3,tailoring,Does the entity maintain a perpetual inventory record?,,,,
ASB,INVENTORY,AUD-804,INVENTORY_TQ_TAILORING_Analytical,4,tailoring,"Do you intend to use analytical procedures, either alone or in combination with tests of details, as a substantive procedure?",,,,
ASB,INVENTORY,AUD-804,INVENTORY_TQ_TAILORING_FIFO,5,tailoring,Does the entity use FIFO as a valuation method?,,,,
ASB,INVENTORY,AUD-804,INVENTORY_TQ_TAILORING_Manufact,6,tailoring,Does the entity manufacture finished goods?,,,,
ASB,INVENTORY,AUD-804,INVENTORY_TQ_TAILORING_LIFO,7,tailoring,Does the entity use LIFO as a valuation method?,,,,
ASB,INVENTORY,AUD-804,INVENTORY_TQ_TAILORING_CountInterm,8,tailoring,Does the entity perform the physical inventory count at an interim date?,,,,
ASB,INVENTORY,AUD-804,INVENTORY_TQ_TAILORING_OutsideInv,9,tailoring,Does entity have inventory at public warehouses or other outside locations?,,,,
ASB,INVENTORY,AUD-804,INVENTORY_TQ_TAILORING_InventPledge,10,tailoring,Did the client pledge any inventory during the current reporting period?,,,,
ASB,PP,AUD-805,PP_TQ_TAILORING_PPBalMaterial,1,tailoring,"Are account balances for prepaid expenses, deferred charges, or other assets material to the overall financial statements?",,,,
ASB,PP,AUD-805,PP_TQ_TAILORING_PPBalSpecRisk,2,tailoring,"Have specific risks been identified associated with account balances for prepaid expenses, deferred charges, or other assets?",,,,
ASB,PP,AUD-805,PP_TQ_TAILORING_InsuranceBalMaterial,3,tailoring,Is the prepaid insurance balance material to the overall financial statements?,,,,
ASB,PP,AUD-805,PP_TQ_TAILORING_PPDInsSpecRisk,4,tailoring,Have specific risks been identified associated with account balances for prepaid insurance?,,,,
ASB,PP,AUD-805,PP_TQ_TAILORING_PPDPropBalMaterial,5,tailoring,Is the prepaid property tax balance material to the overall financial statements?,,,,
ASB,PP,AUD-805,PP_TQ_TAILORING_PPDPropTaxSpecRisk,6,tailoring,Have specific risks been identified associated with account balances for prepaid property tax?,,,,
ASB,PP,AUD-805,PP_TQ_TAILORING_CSVInsMaterial,7,tailoring,Is the cash surrender value balance of life insurance balance material to the overall financial statements?,,,,
ASB,PP,AUD-805,PP_TQ_TAILORING_CSVInsSpecRisk,8,tailoring,Have specific risks been identified associated with account balances for cash surrender value balance of life insurance?,,,,
ASB,PP,AUD-805,PP_TQ_TAILORING_OthPPBalMaterial,9,tailoring,"Are the other prepaid expenses, deferred charges, or other assets balance material to the overall financial statements?",,,,
ASB,PP,AUD-805,PP_TQ_TAILORING_OthPPBalSpecRisk,10,tailoring,"Have specific risks been identified associated with account balances for other prepaid expenses, deferred charges, or other assets?",,,,
ASB,PP,AUD-805,PP_TQ_TAILORING_DirectAd,11,tailoring,Does the entity have significant deferred advertising costs?,,,,
ASB,PP,AUD-805,PP_TQ_TAILORING_MaterialDeposits,12,tailoring,Does the entity have material deposits or other similar assets?,,,,
ASB,PP,AUD-805,PP_TQ_TAILORING_AnalyticalProcedures,13,tailoring,"Do you intend to use analytical procedures, either alone or in combination with tests of details, as a substantive procedure?",,,,
ASB,INTANG,AUD-806,INTANG_TQ_TAILORING_OtherIntAssetAmort,1,tailoring,Does the entity have intangible assets (other than goodwill) that are subject to amortization?,,,,
ASB,INTANG,AUD-806,INTANG_TQ_TAILORING_LTIntangOtherDisposed,2,tailoring,Did the entity dispose of any intangibles (other than goodwill) subject to amortization during the audit period?,,,,
ASB,INTANG,AUD-806,INTANG_TQ_TAILORING_AmortGoodwill,3,tailoring,Has the entity elected to amortize goodwill?,,,,
ASB,INTANG,AUD-806,INTANG_TQ_TAILORING_AmortGoodwillLessTen,4,tailoring,Has the entity elected to amortize goodwill over a period of less than 10 years?,,,,
ASB,INTANG,AUD-806,INTANG_TQ_TAILORING_GoodIntNot,5,tailoring,Does the entity have any goodwill or intangibles that were not tested in connection with the original business combination or other initial transaction?,,,,
ASB,INTANG,AUD-806,INTANG_TQ_TAILORING_Goodwill,6,tailoring,Does the entity have any goodwill or intangible assets not subject to amortization?,,,,
ASB,INTANG,AUD-806,INTANG_TQ_TAILORING_IntNotAmor,7,tailoring,Does the entity have any intangible assets not subject to amortization?,,,,
ASB,INTANG,AUD-806,INTANG_TQ_TAILORING_Digital,8,tailoring,Does the entity have investments in digital/crypto assets?,,,,
ASB,INTANG,AUD-806,INTANG_TQ_TAILORING_DigitalCrypto,9,tailoring,Does the entity have digital/crypto assets held by a third party?,,,,
ASB,INTANG,AUD-806,INTANG_TQ_AnalyticalProcedures,10,tailoring,"Do you intend to use analytical procedures, either alone or in combination with tests of details, as a substantive procedure?",,,,
ASB,PPE,AUD-807,PPE_TQ_TAILORING_PPEBalMaterial,1,tailoring,"Is the property, plant and equipment balance material to the overall financial statements?",,,,
ASB,PPE,AUD-807,PPE_TQ_TAILORING_PPESpecRisks,2,tailoring,"Have specific risks been identified associated with account balances for property, plant and equipment?",,,,
ASB,PPE,AUD-807,PPE_TQ_TAILORING_DepMaterial,3,tailoring,Is the depreciation expense material to the overall financial statements?,,,,
ASB,PPE,AUD-807,PPE_TQ_TAILORING_DepSpecRisks,4,tailoring,Have specific risks been identified associated with account balances for depreciations expense?,,,,
ASB,PPE,AUD-807,PPE_TQ_TAILORING_RepMaintBalMaterial,5,tailoring,Is the repairs and maintenance balance material to the overall financial statements?,,,,
ASB,PPE,AUD-807,PPE_TQ_TAILORING_RepMaintSpecRisks,6,tailoring,Have specific risks been identified associated with account balances for repairs and maintenance?,,,,
ASB,PPE,AUD-807,PPE_TQ_TAILORING_Leases,7,tailoring,Does the entity have any leases?,,,,
ASB,PPE,AUD-807,PPE_TQ_TAILORING_AdoptedASC,8,tailoring,Has the entity adopted ASC Topic 842?,,,,
ASB,PPE,AUD-807,PPE_TQ_TAILORING_LongLivedAssets,9,tailoring,Does the entity have any long-lived fixed assets that are classified as held for sale?,,,,
ASB,PPE,AUD-807,PPE_TQ_TAILORING_LLARetire,10,tailoring,Does the entity have any obligations related to the retirement of long-lived assets?,,,,
ASB,PPE,AUD-807,PPE_TQ_TAILORING_AnalyticalProcedures,11,tailoring,"Do you intend to use analytical procedures, either alone or in combination with tests of details, as a substantive procedure?",,,,
ASB,AP,AUD-808,AP_TQ_TAILORING_AnalyticalProcedures,1,tailoring,"Do you intend to use analytical procedures, either alone or in combination with tests of details, as a substantive procedure?",,,,
ASB,AP,AUD-808,AP_TQ_TAILORING_ConfirmAP,2,tailoring,Do we plan on confirming accounts payable?,,,,
ASB,AP,AUD-808,AP_TQ_TAILORING_SpecificTerms,3,tailoring,Does the client have any amounts included in trade accounts payable that have specified payment terms?,,,,
ASB,AP,AUD-808,AP_TQ_TAILORING_PledgedAP,4,tailoring,Does the client have any assets pledged as collateral for accounts payable?,,,,
ASB,AP,AUD-808,AP_TQ_TAILORING_AccruedLiab,5,tailoring,Are other accrued liabilities balances or transactions material to the overall financial statements?,,,,
ASB,AP,AUD-808,AP_TQ_TAILORING_RiskAccrued,6,tailoring,Have specific risks been identified associated with account balances for other accrued liabilities?,,,,
ASB,AP,AUD-808,AP_TQ_TAILORING_DefIncome,7,tailoring,Does the entity have any deferred income or other deferred credits that were material to the overall financial statements under audit?,,,,
ASB,OL,AUD-809,OL_TQ_TAILORING_PayrollBalMaterial,1,tailoring,Are the payroll and other liabilities balances material to the overall financial statements?,,,,
ASB,OL,AUD-809,OL_TQ_TAILORING_PayrollSpecRisks,2,tailoring,Have specific risks been identified associated with account balances for payroll and other liabilities?,,,,
ASB,OL,AUD-809,OL_TQ_TAILORING_PayrollTaxMaterial,3,tailoring,Are accrued payroll and payroll taxes material to the overall financial statements?,,,,
ASB,OL,AUD-809,OL_TQ_TAILORING_PayrollTaxSpecRisks,4,tailoring,Have specific risks been identified associated with account balances for accrued payroll and payroll taxes?,,,,
ASB,OL,AUD-809,OL_TQ_TAILORING_CompAbsenceMaterial,5,tailoring,Are the accruals for compensated absences material to the overall financial statements?,,,,
ASB,OL,AUD-809,OL_TQ_TAILORING_CompAbsenceSpecRisks,6,tailoring,Have specific risks been identified associated with account balances of accruals for compensated absences?,,,,
ASB,OL,AUD-809,OL_TQ_TAILORING_EmployeePSBonusPlan,7,tailoring,Does the entity offer employee profit sharing and bonus plans?,,,,
ASB,OL,AUD-809,OL_TQ_TAILORING_ShortTermCompAbsence,8,tailoring,Does the entity offer short term compensated absences benefits to its employees?,,,,
ASB,OL,AUD-809,OL_TQ_TAILORING_EBPAccrualsBalMaterial,9,tailoring,Are the accruals for employee benefit plans balances material to the overall financial statements?,,,,
ASB,OL,AUD-809,OL_TQ_TAILORING_EBPAccrualsSpecRisks,10,tailoring,Have specific risks been identified associated with the account balances for accruals for employee benefit plans?,,,,
ASB,OL,AUD-809,OL_TQ_TAILORING_LongTermEB,11,tailoring,"Does the entity provide other long-term employee benefits (e.g., long-term compensated absences, sabbatical leave, long-term disability benefits, deferred compensation, etc.)?",,,,
ASB,OL,AUD-809,OL_TQ_TAILORING_DefCompBalMaterial,12,tailoring,Do deferred compensation agreements exist and are balances material to the overall financial statements?,,,,
ASB,OL,AUD-809,OL_TQ_TAILORING_DefCompSpecRisks,13,tailoring,Have specific risks been identified associated with account balances of accruals for deferred compensation?,,,,
ASB,OL,AUD-809,OL_TQ_TAILORING_PEBBalMaterial,14,tailoring,"Are postemployment benefits (e.g., salary continuation, severance benefits, disability and health care benefits, and job training and counseling) provided by the entity and are accrual balances material to the overall financial statements?",,,,
ASB,OL,AUD-809,OL_TQ_TAILORING_PEBSpecRisks,15,tailoring,Have specific risks been identified associated with account balances of accruals for postemployment benefits?,,,,
ASB,OL,AUD-809,OL_TQ_TAILORING_AnalyticalProcedures,16,tailoring,"Do you intend to use analytical procedures, either alone or in combination with tests of details, as a substantive procedure?",,,,
ASB,INCTAX,AUD-810,INCTAX_TQ_TAILORING_DeferredTax,1,tailoring,Does the entity have any deferred tax provisions and related deferred tax assets or liabilities?,,,,
ASB,INCTAX,AUD-810,INCTAX_TQ_TAILORING_AppropDocumentation,2,tailoring,Did the entity restrict the auditor's access to documentation of the calculation or contents of the entity's income tax accruals or to the personnel responsible for the communication?,,,,
ASB,INCTAX,AUD-810,INCTAX_TQ_TAILORING_AdditionalDisclosure,3,tailoring,Does the entity have an uncertain tax position for which additional disclosure or possible adjustment to the financial statements may be required?,,,,
ASB,INCTAX,AUD-810,INCTAX_TQ_TAILORING_AnalyticalProcedures,4,tailoring,"Do you intend to use analytical procedures, either alone or in combination with tests of details, as a substantive procedure?",,,,
ASB,DEBT,AUD-811,DEBT_TQ_TAILORING_AnalyticalProcedures,1,tailoring,"Do you intend to use analytical procedures, either alone or in combination with tests of details, as a substantive procedure?",,,,
ASB,DEBT,AUD-811,DEBT_TQ_TAILORING_MaturityDates,2,tailoring,Does the entity have any debt with maturity dates due within the next year?,,,,
ASB,DEBT,AUD-811,DEBT_TQ_TAILORING_Covenants,3,tailoring,Does the entity have any debt obligations that contain restrictive covenants?,,,,
ASB,DEBT,AUD-811,DEBT_TQ_TAILORING_Violations,4,tailoring,Did the auditor or management identify any covenant violations?,,,,
ASB,DEBT,AUD-811,DEBT_TQ_TAILORING_DebtExtinquished,5,tailoring,Has the entity extinguished any debt instruments during the period under audit?,,,,
ASB,EQUITY,AUD-812,EQUITY_TQ_TAILORING_IndepRegistrar,1,tailoring,Does the entity use an independent share registrar?,,,,
ASB,EQUITY,AUD-812,EQUITY_TQ_TAILORING_StockOptPlan,2,tailoring,Does the entity have share-based compensation plans?,,,,
ASB,EQUITY,AUD-812,EQUITY_TQ_TAILORING_StockSubRec,3,tailoring,Does the entity have share subscriptions receivable?,,,,
ASB,EQUITY,AUD-812,EQUITY_TQ_TAILORING_TStock,4,tailoring,Does the entity have treasury shares?,,,,
ASB,EQUITY,AUD-812,EQUITY_TQ_TAILORING_PStock,5,tailoring,Does the entity have preferred shares?,,,,
ASB,EQUITY,AUD-812,EQUITY_TQ_TAILORING_ComprehensiveIncome,6,tailoring,Does the entity have any other comprehensive income items?,,,,
ASB,EQUITY,AUD-812,EQUITY_TQ_TAILORING_AnalyticalProcedures,7,tailoring,"Do you intend to use analytical procedures, either alone or in combination with tests of details, as a substantive procedure?",,,,
ASB,OTHREV,AUD-813,OTHREV_TQ_TAILORING_AnalyticalProcedures,1,tailoring,"Do you intend to use analytical procedures, either alone or in combination with tests of details, as a substantive procedure?",,,,
ASB,OTHREV,AUD-813,OTHREV_TQ_TAILORING_ExpensesMaterial,2,tailoring,Are there expense accounts balances material to the overall financial statements?,,,,
ASB,OTHREV,AUD-813,OTHREV_TQ_TAILORING_ExpensesSpecRisk,3,tailoring,Have specific risks been identified associated with account balances for expenses?,,,,
ASB,RPTRNS2,AUD-815,RPTRNS2_TQ_RelatedPartyTrans,1,tailoring,Are there any related-party transactions identified?,,,,
ASB,RPTRNS2,AUD-815,RPTRNS2_TQ_UnusualTrans,2,tailoring,Have we identified significant unusual transactions while performing applicable audit procedures?,,,,
ASB,RPTRNS2,AUD-815,RPTRNS2_TQ_RelatedPartyFS,3,tailoring,Have we identified related-party transactions that are required to be disclosed in the financial statements or are determined to be a significant risk?,,,,
ASB,RPTRNS2,AUD-815,RPTRNS2_TQ_OffBSArrangements,4,tailoring,"Does the entity have any potential ""off-balance-sheet"" arrangements?",,,,
ASB,RPTRNS2,AUD-815,RPTRNS2_TQ_AnalyticalProcedures,5,tailoring,"Do you intend to use analytical procedures, either alone or in combination with tests of details, as a substantive procedure?",,,,
ASB,FAIRVALUE2,AUD-816,FairValue2_TQ_ThirdParty,1,tailoring,Did the entity retain the service of a third-party pricing agency?,,,,
ASB,FAIRVALUE2,AUD-816,FairValue2_TQ_SpecialistEstFV,2,tailoring,Was a specialist engaged to estimate fair value?,,,,
ASB,FAIRVALUE2,AUD-816,FairValue2_TQ_ImpendingTrans,3,tailoring,Does the entity plan to use an impending transaction as the basis for a fair value estimate?,,,,
ASB,FAIRVALUE2,AUD-816,FairValue2_TQ_FVMeasureDiffDate,4,tailoring,Was the fair value measurement made as of a date that is different from the date that the entity is required to measure and report that information in its financial statements?,,,,
ASB,FAIRVALUE2,AUD-816,FairValue2_TQ_CollateralImpFactor,5,tailoring,Is collateral an important factor in measuring the fair value of an investment or evaluating its carrying amount?,,,,
ASB,FAIRVALUE2,AUD-816,FairValue2_TQ_AnalyticalProcedures,6,tailoring,"Do you intend to use analytical procedures, either alone or in combination with tests of details, as a substantive procedure?",,,,
ASB,VIE2,AUD-817,VIE2_TQ_AuditedEntityIs,1,tailoring,Have VIEs been identified for which the audited entity is the primary beneficiary?,,,,
ASB,VIE2,AUD-817,VIE2_TQ_AuditedEntityIsNOT,2,tailoring,Have VIEs been identified for which the audit entity is NOT the primary beneficiary?,,,,
ASB,VIE2,AUD-817,VIE2_TQ_Components,3,tailoring,Have VIEs been determined to be components of a group?,,,,
ASB,VIE2,AUD-817,VIE2_TQ_Alternative,4,tailoring,Does the entity have VIEs for which it is electing the PCC VIE accounting alternative?,,,,
ASB,VIE2,AUD-817,VIE2_TQ_SAS149,5,tailoring,Has SAS-149 been early implemented?,,,,
ASB,VIE2,AUD-817,VIE2_TQ_AnalyticalProcedures,6,tailoring,"Do you intend to use analytical procedures, either alone or in combination with tests of details, as a substantive procedure?",,,,
ASB,STOCK,AUD-818,STOCK_TQ_Noncompliance,1,tailoring,Have noncompliance with laws and regulations been identified?,,,,
ASB,STOCK,AUD-818,STOCK_TQ_ClosedForm,2,tailoring,Does the entity use the Black-Scholes Formula or Other Closed-Form Option Pricing Model?,,,,
ASB,STOCK,AUD-818,STOCK_TQ_Binomial,3,tailoring,Does the entity use the Lattice or Binomial Option Pricing Model?,,,,
ASB,STOCK,AUD-818,STOCK_TQ_Segregated,4,tailoring,Has the entity segregated employees into more than one group?,,,,
ASB,STOCK,AUD-818,STOCK_TQ_Modified,5,tailoring,Has the entity modified awards?,,,,
ASB,STOCK,AUD-818,STOCK_TQ_AnalyticalProcedures,6,tailoring,"Do you intend to use analytical procedures, either alone or in combination with tests of details, as a substantive procedure?",,,,
ASB,COMMIT,AUD-819,COMMIT_TQ_LegalCouncil,1,tailoring,"Has the auditor determined it necessary to obtain representation letters from the entity's legal counsel (e.g., external or in-house)?",,,,
ASB,COMMIT,AUD-819,COMMIT_TQ_AttorneyRestrict,2,tailoring,Did the entity's legal counsel restrict the use of his or her opinion to the client or to third parties other than the auditor?,,,,
ASB,COMMIT,AUD-819,COMMIT_TQ_EnvironRisks,3,tailoring,Does the entity have any potential exposure to environmental liability risks?,,,,
ASB,COMMIT,AUD-819,COMMIT_TQ_PurchaseObligations,4,tailoring,Does the entity have unconditional purchase obligations or guarantees?,,,,
ASB,COMMIT,AUD-819,COMMIT_TQ_NewLitigation,5,tailoring,Did the entity's legal counsel identify new litigation or claims?,,,,
ASB,COMMIT,AUD-819,COMMIT_TQ_AnalyticalProcedures,6,tailoring,"Do you intend to use analytical procedures, either alone or in combination with tests of details, as a substantive procedure?",,,,
ASB,CONCENT,AUD-821,CONCENT_TQ_AnalyticalProcedures,1,tailoring,"Do you intend to use analytical procedures, either alone or in combination with tests of details, as a substantive procedure?",,,,
ASB,BUSINESS,AUD-822,BUSINESS_TQ_Combination,1,tailoring,Did the entity enter into any business combinations during the audit period?,,,,
ASB,BUSINESS,AUD-822,BUSINESS_TQ_AnalyticalProcedures,2,tailoring,"Do you intend to use analytical procedures, either alone or in combination with tests of details, as a substantive procedure?",,,,
